ACID,LOAD_DATE,REF_DATE,DAYS_UNUSED,RSRC_TYPE,RSRC_NAME
FTPSPEC1,06/07/2002,05/28/2017,3,USERLIST,DB2O=STC
FTPSPEC1,06/07/2002,11/21/2014,922,USERLIST,FT00048
FTPSPEC1,06/07/2002,05/31/2017,0,USERLIST,FT00110
FTPSPEC1,06/07/2002,05/04/2017,27,USERLIST,FT00110T
FTPSPEC1,06/07/2002,05/03/2017,28,USERLIST,FT00141
FTPSPEC1,06/07/2002,05/31/2017,0,USERLIST,FT00153
FTPSPEC1,06/07/2002,12/25/2015,523,USERLIST,FT00167
FTPSPEC1,06/07/2002,10/17/2015,592,USERLIST,FT00200
FTPSPEC1,06/07/2002,05/31/2017,0,USERLIST,FT00205
FTPSPEC1,06/07/2002,07/15/2016,320,USERLIST,FT00302
FTPSPEC1,06/07/2002,05/31/2017,0,USERLIST,FT00720
FTPSPEC1,06/07/2002,12/02/2014,911,USERLIST,FT00731
FTPSPEC1,06/07/2002,03/29/2017,63,USERLIST,FT00757
FTPSPEC1,06/07/2002,07/18/2016,317,USERLIST,FT00794
FTPSPEC1,06/07/2002,05/31/2017,0,USERLIST,FT00800
FTPSPEC1,06/07/2002,05/31/2017,0,USERLIST,FT00805
FTPSPEC1,06/07/2002,05/31/2017,0,USERLIST,FT00868
FTPSPEC1,06/07/2002,05/31/2017,0,USERLIST,FT00901
FTPSPEC1,06/07/2002,05/10/2017,21,USERLIST,FT00947
FTPSPEC1,06/07/2002,08/13/2014,1022,USERLIST,FT00947T
FTPSPEC1,06/07/2002,05/31/2017,0,USERLIST,FT00994
FTPSPEC1,06/07/2002,06/29/2015,702,USERLIST,FT00994T
FTPSPEC1,06/07/2002,01/20/2015,862,USERLIST,FT01166
FTPSPEC1,06/07/2002,12/10/2014,903,USERLIST,FT01172
FTPSPEC1,06/10/2002,05/31/2017,0,PROFILE,SPECIAL FTP IDS
FTPSPEC1,06/10/2002,02/18/2015,833,USERLIST,FPPPFDM
FTPSPEC1,06/10/2002,05/31/2017,0,USERLIST,FT00008
FTPSPEC1,06/10/2002,05/31/2017,0,USERLIST,FT00013T
FTPSPEC1,06/10/2002,06/09/2016,356,USERLIST,FT00024
FTPSPEC1,06/10/2002,05/09/2017,22,USERLIST,FT00025
FTPSPEC1,06/10/2002,11/22/2016,190,USERLIST,FT00058K
FTPSPEC1,06/10/2002,10/19/2015,590,USERLIST,FT00058T
FTPSPEC1,06/10/2002,05/25/2017,6,USERLIST,FT00067
FTPSPEC1,06/10/2002,05/31/2017,0,USERLIST,FT00080T
FTPSPEC1,06/10/2002,05/22/2014,1105,USERLIST,FT00092T
FTPSPEC1,06/10/2002,06/22/2015,709,USERLIST,FT00109
FTPSPEC1,06/10/2002,05/30/2017,1,USERLIST,FT00119T
FTPSPEC1,06/10/2002,01/24/2017,127,USERLIST,FT00123T
FTPSPEC1,06/10/2002,05/31/2017,0,USERLIST,FT00135
FTPSPEC1,06/10/2002,05/31/2017,0,USERLIST,FT00160
FTPSPEC1,06/10/2002,07/02/2016,333,USERLIST,FT00183T
FTPSPEC1,06/10/2002,05/18/2017,13,USERLIST,FT00213K
FTPSPEC1,06/10/2002,05/31/2017,0,USERLIST,FT00213T
FTPSPEC1,06/10/2002,05/31/2017,0,USERLIST,FT00224
FTPSPEC1,06/10/2002,05/31/2017,0,USERLIST,FT00227T
FTPSPEC1,06/10/2002,01/02/2015,880,USERLIST,FT00713T
FTPSPEC1,06/10/2002,01/30/2017,121,USERLIST,FT00759T
FTPSPEC1,06/10/2002,05/31/2017,0,USERLIST,FT00760
FTPSPEC1,06/10/2002,10/13/2016,230,USERLIST,FT00771K
FTPSPEC1,06/10/2002,04/07/2015,785,USERLIST,FT00811T
FTPSPEC1,06/10/2002,12/19/2016,163,USERLIST,FT00826T
FTPSPEC1,06/10/2002,05/31/2017,0,USERLIST,FT00830K
FTPSPEC1,06/10/2002,05/31/2017,0,USERLIST,FT00830T
FTPSPEC1,06/10/2002,05/30/2017,1,USERLIST,FT00837T
FTPSPEC1,06/10/2002,05/31/2017,0,USERLIST,FT00847
FTPSPEC1,06/10/2002,05/31/2017,0,USERLIST,FT00856T
FTPSPEC1,06/10/2002,05/31/2017,0,USERLIST,FT00860T
FTPSPEC1,06/10/2002,05/31/2017,0,USERLIST,FT00861T
FTPSPEC1,06/10/2002,05/23/2017,8,USERLIST,FT00912T
FTPSPEC1,06/10/2002,05/31/2017,0,USERLIST,FT00921T
FTPSPEC1,06/10/2002,03/07/2017,85,USERLIST,FT00937T
FTPSPEC1,06/10/2002,12/22/2016,160,USERLIST,FT00954T
FTPSPEC1,06/10/2002,07/24/2015,677,USERLIST,FT00959T
FTPSPEC1,06/10/2002,05/31/2017,0,USERLIST,FT00970T
FTPSPEC1,06/10/2002,05/31/2017,0,USERLIST,FT00971T
FTPSPEC1,06/10/2002,05/30/2017,1,USERLIST,FT00985T
FTPSPEC1,06/10/2002,05/05/2017,26,USERLIST,FT00989K
FTPSPEC1,06/10/2002,01/30/2015,852,USERLIST,FT00990T
FTPSPEC1,06/10/2002,05/31/2017,0,USERLIST,FT00993T
FTPSPEC1,06/10/2002,10/13/2016,230,USERLIST,FT00997K
FTPSPEC1,06/10/2002,10/13/2016,230,USERLIST,FT01002K
FTPSPEC1,06/10/2002,05/30/2017,1,USERLIST,FT01002T
FTPSPEC1,06/10/2002,08/19/2014,1016,USERLIST,FT01004T
FTPSPEC1,06/10/2002,05/30/2017,1,USERLIST,FT01015T
FTPSPEC1,06/10/2002,02/16/2015,835,USERLIST,FT01022T
FTPSPEC1,06/10/2002,08/20/2013,1380,USERLIST,FT01024K
FTPSPEC1,06/10/2002,09/17/2016,256,USERLIST,FT01030T
FTPSPEC1,06/10/2002,04/18/2016,408,USERLIST,FT01053T
FTPSPEC1,06/10/2002,05/31/2017,0,USERLIST,FT01079T
FTPSPEC1,06/10/2002,10/28/2015,581,USERLIST,FT01080T
FTPSPEC1,06/10/2002,03/16/2016,441,USERLIST,FT01082T
FTPSPEC1,06/10/2002,10/12/2013,1327,USERLIST,FT01086T
FTPSPEC1,06/10/2002,10/30/2015,579,USERLIST,FT01093K
FTPSPEC1,06/10/2002,07/21/2015,680,USERLIST,FT01121T
FTPSPEC1,06/10/2002,06/05/2015,726,USERLIST,FT01122T
FTPSPEC1,06/10/2002,07/21/2015,680,USERLIST,FT01123T
FTPSPEC1,06/10/2002,04/13/2017,48,USERLIST,FT01129T
FTPSPEC1,06/10/2002,05/31/2017,0,USERLIST,FT01130
FTPSPEC1,06/10/2002,09/27/2016,246,USERLIST,FT01132T
FTPSPEC1,06/10/2002,10/13/2016,230,USERLIST,FT01143K
FTPSPEC1,06/10/2002,05/31/2017,0,USERLIST,FT01149T
FTPSPEC1,06/10/2002,03/02/2016,455,USERLIST,FT01157T
FTPSPEC1,06/10/2002,04/28/2017,33,USERLIST,FT01164T
FTPSPEC1,06/10/2002,11/12/2015,566,USERLIST,FT01170K
FTPSPEC1,06/10/2002,05/31/2017,0,USERLIST,FT01177K
FTPSPEC1,06/10/2002,05/26/2017,5,USERLIST,FT01179K
FTPSPEC1,06/10/2002,03/14/2016,443,USERLIST,FT01180T
FTPSPEC1,06/10/2002,01/04/2017,147,USERLIST,FT1093T
FTPSPEC1,06/10/2002,05/31/2017,0,USERLIST,FT1094T
FTPSPEC1,06/10/2002,05/31/2017,0,PROGRAM,FTP
FTPSPEC1,06/10/2002,05/31/2017,0,FACILITY,TCPIP
FTPSPEC1,07/06/2011,10/16/2014,958,USERLIST,FT00908T
FTPSPEC1,02/15/2013,05/31/2017,0,USERLIST,DB2A=STC
FTPSPEC1,02/15/2013,05/31/2017,0,USERLIST,DB2N=STC
FTPSPEC1,02/15/2013,07/07/2016,328,USERLIST,FBSTMNTP
FTPSPEC1,02/15/2013,05/31/2017,0,USERLIST,FT00019
FTPSPEC1,02/15/2013,05/18/2015,744,USERLIST,FT00019T
FTPSPEC1,02/15/2013,05/31/2017,0,USERLIST,FT00026
FTPSPEC1,02/15/2013,05/31/2017,0,USERLIST,FT00037
FTPSPEC1,02/15/2013,09/18/2015,621,USERLIST,FT00039
FTPSPEC1,02/15/2013,05/31/2017,0,USERLIST,FT00049
FTPSPEC1,02/15/2013,11/05/2015,573,USERLIST,FT00058
FTPSPEC1,02/15/2013,01/16/2015,866,USERLIST,FT00072
FTPSPEC1,02/15/2013,11/17/2014,926,USERLIST,FT00072T
FTPSPEC1,02/15/2013,05/31/2017,0,USERLIST,FT00073
FTPSPEC1,02/15/2013,10/09/2016,234,USERLIST,FT00077
FTPSPEC1,02/15/2013,05/31/2017,0,USERLIST,FT00080
FTPSPEC1,02/15/2013,04/25/2017,36,USERLIST,FT00089T
FTPSPEC1,02/15/2013,05/02/2017,29,USERLIST,FT00090
FTPSPEC1,02/15/2013,09/20/2013,1349,USERLIST,FT00092
FTPSPEC1,02/15/2013,05/31/2017,0,USERLIST,FT00093
FTPSPEC1,02/15/2013,05/19/2017,12,USERLIST,FT00098
FTPSPEC1,02/15/2013,05/18/2017,13,USERLIST,FT00099
FTPSPEC1,02/15/2013,05/31/2017,0,USERLIST,FT00100
FTPSPEC1,02/15/2013,09/09/2015,630,USERLIST,FT00101
FTPSPEC1,02/15/2013,05/31/2017,0,USERLIST,FT00112
FTPSPEC1,02/15/2013,05/31/2017,0,USERLIST,FT00112T
FTPSPEC1,02/15/2013,05/31/2017,0,USERLIST,FT00113
FTPSPEC1,02/15/2013,12/04/2014,909,USERLIST,FT00117
FTPSPEC1,02/15/2013,05/31/2017,0,USERLIST,FT00118
FTPSPEC1,02/15/2013,05/31/2017,0,USERLIST,FT00119
FTPSPEC1,02/15/2013,05/31/2017,0,USERLIST,FT00123
FTPSPEC1,02/15/2013,05/02/2015,760,USERLIST,FT00130
FTPSPEC1,02/15/2013,12/31/2014,882,USERLIST,FT00132
FTPSPEC1,02/15/2013,05/31/2017,0,USERLIST,FT00133
FTPSPEC1,02/15/2013,05/31/2017,0,USERLIST,FT00139
FTPSPEC1,02/15/2013,05/31/2017,0,USERLIST,FT00139T
FTPSPEC1,02/15/2013,05/31/2017,0,USERLIST,FT00150
FTPSPEC1,02/15/2013,01/10/2017,141,USERLIST,FT00152
FTPSPEC1,02/15/2013,09/03/2013,1366,USERLIST,FT00152T
FTPSPEC1,02/15/2013,05/30/2017,1,USERLIST,FT00158
FTPSPEC1,02/15/2013,03/22/2017,70,USERLIST,FT00158T
FTPSPEC1,02/15/2013,12/18/2015,530,USERLIST,FT00166
FTPSPEC1,02/15/2013,05/31/2017,0,USERLIST,FT00179
FTPSPEC1,02/15/2013,06/03/2015,728,USERLIST,FT00179T
FTPSPEC1,02/15/2013,05/31/2017,0,USERLIST,FT00183
FTPSPEC1,02/15/2013,09/13/2016,260,USERLIST,FT00191T
FTPSPEC1,02/15/2013,01/22/2016,495,USERLIST,FT00193
FTPSPEC1,02/15/2013,12/01/2015,547,USERLIST,FT00193T
FTPSPEC1,02/15/2013,05/15/2015,747,USERLIST,FT00194
FTPSPEC1,02/15/2013,06/15/2016,350,USERLIST,FT00197
FTPSPEC1,02/15/2013,03/28/2015,795,USERLIST,FT00199
FTPSPEC1,02/15/2013,05/31/2017,0,USERLIST,FT00203
FTPSPEC1,02/15/2013,12/15/2014,898,USERLIST,FT00206
FTPSPEC1,02/15/2013,05/30/2017,1,USERLIST,FT00208
FTPSPEC1,02/15/2013,05/31/2017,0,USERLIST,FT00213
FTPSPEC1,02/15/2013,05/31/2017,0,USERLIST,FT00217
FTPSPEC1,02/15/2013,11/17/2014,926,USERLIST,FT00222T
FTPSPEC1,02/15/2013,05/31/2017,0,USERLIST,FT00227
FTPSPEC1,02/15/2013,05/02/2017,29,USERLIST,FT00228T
FTPSPEC1,02/15/2013,05/31/2017,0,USERLIST,FT00305
FTPSPEC1,02/15/2013,06/14/2016,351,USERLIST,FT00309T
FTPSPEC1,02/15/2013,10/09/2015,600,USERLIST,FT00313
FTPSPEC1,02/15/2013,03/06/2015,817,USERLIST,FT00713
FTPSPEC1,02/15/2013,04/20/2017,41,USERLIST,FT00718T
FTPSPEC1,02/15/2013,05/31/2017,0,USERLIST,FT00722
FTPSPEC1,02/15/2013,05/31/2017,0,USERLIST,FT00725
FTPSPEC1,02/15/2013,05/31/2017,0,USERLIST,FT00725T
FTPSPEC1,02/15/2013,05/19/2017,12,USERLIST,FT00728
FTPSPEC1,02/15/2013,12/04/2014,909,USERLIST,FT00729T
FTPSPEC1,02/15/2013,05/31/2017,0,USERLIST,FT00733
FTPSPEC1,02/15/2013,05/31/2017,0,USERLIST,FT00736
FTPSPEC1,02/15/2013,05/31/2017,0,USERLIST,FT00755
FTPSPEC1,02/15/2013,01/31/2015,851,USERLIST,FT00758
FTPSPEC1,02/15/2013,02/16/2017,104,USERLIST,FT00759
FTPSPEC1,02/15/2013,05/30/2017,1,USERLIST,FT00764T
FTPSPEC1,02/15/2013,11/16/2016,196,USERLIST,FT00768
FTPSPEC1,02/15/2013,10/13/2016,230,USERLIST,FT00771
FTPSPEC1,02/15/2013,05/31/2017,0,USERLIST,FT00776
FTPSPEC1,02/15/2013,11/26/2016,186,USERLIST,FT00781
FTPSPEC1,02/15/2013,05/24/2017,7,USERLIST,FT00783
FTPSPEC1,02/15/2013,01/23/2015,859,USERLIST,FT00788
FTPSPEC1,02/15/2013,10/13/2014,961,USERLIST,FT00789
FTPSPEC1,02/15/2013,05/31/2017,0,USERLIST,FT00796
FTPSPEC1,02/15/2013,05/31/2017,0,USERLIST,FT00801
FTPSPEC1,02/15/2013,05/31/2017,0,USERLIST,FT00803
FTPSPEC1,02/15/2013,03/09/2015,814,USERLIST,FT00810
FTPSPEC1,02/15/2013,05/31/2017,0,USERLIST,FT00815
FTPSPEC1,02/15/2013,02/17/2017,103,USERLIST,FT00815T
FTPSPEC1,02/15/2013,05/31/2017,0,USERLIST,FT00817
FTPSPEC1,02/15/2013,05/15/2015,747,USERLIST,FT00821
FTPSPEC1,02/15/2013,09/21/2016,252,USERLIST,FT00823
FTPSPEC1,02/15/2013,05/31/2017,0,USERLIST,FT00826
FTPSPEC1,02/15/2013,05/30/2017,1,USERLIST,FT00827
FTPSPEC1,02/15/2013,05/31/2017,0,USERLIST,FT00829
FTPSPEC1,02/15/2013,05/31/2017,0,USERLIST,FT00830
FTPSPEC1,02/15/2013,05/31/2017,0,USERLIST,FT00832
FTPSPEC1,02/15/2013,08/04/2015,666,USERLIST,FT00834
FTPSPEC1,02/15/2013,01/16/2017,135,USERLIST,FT00834T
FTPSPEC1,02/15/2013,05/31/2017,0,USERLIST,FT00843
FTPSPEC1,02/15/2013,05/29/2017,2,USERLIST,FT00849
FTPSPEC1,02/15/2013,05/31/2017,0,USERLIST,FT00856
FTPSPEC1,02/15/2013,05/31/2017,0,USERLIST,FT00859
FTPSPEC1,02/15/2013,05/05/2017,26,USERLIST,FT00860
FTPSPEC1,02/15/2013,06/03/2015,728,USERLIST,FT00864
FTPSPEC1,02/15/2013,10/14/2016,229,USERLIST,FT00866
FTPSPEC1,02/15/2013,05/26/2017,5,USERLIST,FT00870
FTPSPEC1,02/15/2013,05/01/2017,30,USERLIST,FT00870T
FTPSPEC1,02/15/2013,05/31/2017,0,USERLIST,FT00878
FTPSPEC1,02/15/2013,05/20/2015,742,USERLIST,FT00882
FTPSPEC1,02/15/2013,03/11/2015,812,USERLIST,FT00882T
FTPSPEC1,02/15/2013,12/30/2014,883,USERLIST,FT00883
FTPSPEC1,02/15/2013,05/04/2015,758,USERLIST,FT00885
FTPSPEC1,02/15/2013,05/31/2017,0,USERLIST,FT00887
FTPSPEC1,02/15/2013,05/30/2017,1,USERLIST,FT00890
FTPSPEC1,02/15/2013,05/31/2017,0,USERLIST,FT00895
FTPSPEC1,02/15/2013,05/30/2017,1,USERLIST,FT00896
FTPSPEC1,02/15/2013,05/31/2017,0,USERLIST,FT00897
FTPSPEC1,02/15/2013,05/30/2017,1,USERLIST,FT00905
FTPSPEC1,02/15/2013,10/14/2016,229,USERLIST,FT00911
FTPSPEC1,02/15/2013,05/30/2017,1,USERLIST,FT00912
FTPSPEC1,02/15/2013,05/31/2017,0,USERLIST,FT00915
FTPSPEC1,02/15/2013,05/31/2017,0,USERLIST,FT00915T
FTPSPEC1,02/15/2013,09/18/2014,986,USERLIST,FT00919
FTPSPEC1,02/15/2013,05/31/2017,0,USERLIST,FT00921
FTPSPEC1,02/15/2013,03/19/2015,804,USERLIST,FT00922
FTPSPEC1,02/15/2013,05/31/2017,0,USERLIST,FT00926
FTPSPEC1,02/15/2013,05/05/2015,757,USERLIST,FT00930
FTPSPEC1,02/15/2013,05/31/2017,0,USERLIST,FT00930T
FTPSPEC1,02/15/2013,05/31/2017,0,USERLIST,FT00932T
FTPSPEC1,02/15/2013,05/31/2017,0,USERLIST,FT00936
FTPSPEC1,02/15/2013,03/24/2017,68,USERLIST,FT00937
FTPSPEC1,02/15/2013,05/31/2017,0,USERLIST,FT00938
FTPSPEC1,02/15/2013,05/31/2017,0,USERLIST,FT00941
FTPSPEC1,02/15/2013,05/20/2015,742,USERLIST,FT00944
FTPSPEC1,02/15/2013,05/31/2017,0,USERLIST,FT00946T
FTPSPEC1,02/15/2013,05/31/2017,0,USERLIST,FT00951
FTPSPEC1,02/15/2013,04/22/2015,770,USERLIST,FT00960
FTPSPEC1,02/15/2013,02/05/2015,846,USERLIST,FT00960T
FTPSPEC1,02/15/2013,08/24/2016,280,USERLIST,FT00962
FTPSPEC1,02/15/2013,05/14/2015,748,USERLIST,FT00962T
FTPSPEC1,02/15/2013,05/31/2017,0,USERLIST,FT00968
FTPSPEC1,02/15/2013,05/31/2017,0,USERLIST,FT00968T
FTPSPEC1,02/15/2013,05/31/2017,0,USERLIST,FT00969
FTPSPEC1,02/15/2013,05/31/2017,0,USERLIST,FT00970
FTPSPEC1,02/15/2013,05/31/2017,0,USERLIST,FT00971
FTPSPEC1,02/15/2013,05/31/2017,0,USERLIST,FT00980
FTPSPEC1,02/15/2013,07/27/2016,308,USERLIST,FT00980T
FTPSPEC1,02/15/2013,05/31/2017,0,USERLIST,FT00982
FTPSPEC1,02/15/2013,05/30/2017,1,USERLIST,FT00982T
FTPSPEC1,02/15/2013,09/05/2015,634,USERLIST,FT00984
FTPSPEC1,02/15/2013,01/16/2015,866,USERLIST,FT00984T
FTPSPEC1,02/15/2013,05/31/2017,0,USERLIST,FT00985
FTPSPEC1,02/15/2013,05/31/2017,0,USERLIST,FT00988
FTPSPEC1,02/15/2013,05/05/2017,26,USERLIST,FT00989
FTPSPEC1,02/15/2013,11/07/2014,936,USERLIST,FT00990
FTPSPEC1,02/15/2013,10/13/2016,230,USERLIST,FT00997
FTPSPEC1,02/15/2013,05/30/2017,1,USERLIST,FT00998
FTPSPEC1,02/15/2013,10/13/2016,230,USERLIST,FT01002
FTPSPEC1,02/15/2013,05/31/2017,0,USERLIST,FT01003
FTPSPEC1,02/15/2013,02/28/2015,823,USERLIST,FT01003T
FTPSPEC1,02/15/2013,11/25/2016,187,USERLIST,FT01011
FTPSPEC1,02/15/2013,06/17/2016,348,USERLIST,FT01012
FTPSPEC1,02/15/2013,05/31/2017,0,USERLIST,FT01015
FTPSPEC1,02/15/2013,10/29/2015,580,USERLIST,FT01021T
FTPSPEC1,02/15/2013,03/05/2015,818,USERLIST,FT01022
FTPSPEC1,02/15/2013,10/13/2016,230,USERLIST,FT01024
FTPSPEC1,02/15/2013,09/16/2016,257,USERLIST,FT01024T
FTPSPEC1,02/15/2013,05/31/2017,0,USERLIST,FT01027
FTPSPEC1,02/15/2013,05/31/2017,0,USERLIST,FT01027T
FTPSPEC1,02/15/2013,05/31/2017,0,USERLIST,FT01028
FTPSPEC1,02/15/2013,05/31/2017,0,USERLIST,FT01033T
FTPSPEC1,02/15/2013,05/31/2017,0,USERLIST,FT01034
FTPSPEC1,02/15/2013,01/31/2015,851,USERLIST,FT01037
FTPSPEC1,02/15/2013,05/31/2017,0,USERLIST,FT01039
FTPSPEC1,02/15/2013,09/21/2016,252,USERLIST,FT01040
FTPSPEC1,02/15/2013,01/22/2015,860,USERLIST,FT01042
FTPSPEC1,02/15/2013,07/08/2016,327,USERLIST,FT01045T
FTPSPEC1,02/15/2013,05/31/2017,0,USERLIST,FT01046
FTPSPEC1,02/15/2013,12/01/2016,181,USERLIST,FT01047T
FTPSPEC1,02/15/2013,10/03/2016,240,USERLIST,FT01050
FTPSPEC1,02/15/2013,08/21/2015,649,USERLIST,FT01051
FTPSPEC1,02/15/2013,04/18/2016,408,USERLIST,FT01052T
FTPSPEC1,02/15/2013,05/30/2017,1,USERLIST,FT01053
FTPSPEC1,02/15/2013,05/31/2017,0,USERLIST,FT01054
FTPSPEC1,02/15/2013,06/10/2016,355,USERLIST,FT01058T
FTPSPEC1,02/15/2013,09/30/2016,243,USERLIST,FT01059
FTPSPEC1,02/15/2013,05/31/2017,0,USERLIST,FT01061
FTPSPEC1,02/15/2013,05/31/2017,0,USERLIST,FT01064
FTPSPEC1,02/15/2013,10/22/2015,587,USERLIST,FT01067
FTPSPEC1,02/15/2013,05/31/2017,0,USERLIST,FT01068
FTPSPEC1,02/15/2013,05/31/2017,0,USERLIST,FT01068T
FTPSPEC1,02/15/2013,10/13/2016,230,USERLIST,FT01069
FTPSPEC1,02/15/2013,09/06/2016,267,USERLIST,FT01069T
FTPSPEC1,02/15/2013,05/31/2017,0,USERLIST,FT01077
FTPSPEC1,02/15/2013,10/15/2015,594,USERLIST,FT01078
FTPSPEC1,02/15/2013,05/31/2017,0,USERLIST,FT01079
FTPSPEC1,02/15/2013,05/31/2017,0,USERLIST,FT01080
FTPSPEC1,02/15/2013,07/23/2015,678,USERLIST,FT01081
FTPSPEC1,02/15/2013,10/21/2014,953,USERLIST,FT01081T
FTPSPEC1,02/15/2013,05/31/2017,0,USERLIST,FT01086
FTPSPEC1,02/15/2013,05/31/2017,0,USERLIST,FT01088
FTPSPEC1,02/15/2013,05/31/2017,0,USERLIST,FT01093
FTPSPEC1,02/15/2013,05/31/2017,0,USERLIST,FT01093T
FTPSPEC1,02/15/2013,05/31/2017,0,USERLIST,FT01094
FTPSPEC1,02/15/2013,05/31/2017,0,USERLIST,FT01099
FTPSPEC1,02/15/2013,05/31/2017,0,USERLIST,FT01101
FTPSPEC1,02/15/2013,05/31/2017,0,USERLIST,FT01103
FTPSPEC1,02/15/2013,05/31/2017,0,USERLIST,FT01106
FTPSPEC1,02/15/2013,06/28/2016,337,USERLIST,FT01107T
FTPSPEC1,02/15/2013,05/30/2017,1,USERLIST,FT01108
FTPSPEC1,02/15/2013,12/02/2016,180,USERLIST,FT01110
FTPSPEC1,02/15/2013,05/31/2017,0,USERLIST,FT01111
FTPSPEC1,02/15/2013,05/30/2017,1,USERLIST,FT01115
FTPSPEC1,02/15/2013,05/30/2015,732,USERLIST,FT01119
FTPSPEC1,02/15/2013,05/06/2015,756,USERLIST,FT01119T
FTPSPEC1,02/15/2013,06/04/2015,727,USERLIST,FT01124T
FTPSPEC1,02/15/2013,05/31/2017,0,USERLIST,FT01129
FTPSPEC1,02/15/2013,06/10/2015,721,USERLIST,FT01131T
FTPSPEC1,02/15/2013,05/30/2017,1,USERLIST,FT01134
FTPSPEC1,02/15/2013,07/13/2015,688,USERLIST,FT01135T
FTPSPEC1,02/15/2013,11/23/2016,189,USERLIST,FT01136
FTPSPEC1,02/15/2013,11/21/2016,191,USERLIST,FT01136T
FTPSPEC1,02/15/2013,08/14/2015,656,USERLIST,FT01141
FTPSPEC1,02/15/2013,05/31/2017,0,USERLIST,FT01142
FTPSPEC1,02/15/2013,10/13/2016,230,USERLIST,FT01143
FTPSPEC1,02/15/2013,04/13/2017,48,USERLIST,FT01146T
FTPSPEC1,02/15/2013,05/04/2017,27,USERLIST,FT01147
FTPSPEC1,02/15/2013,07/07/2016,328,USERLIST,FT01147T
FTPSPEC1,02/15/2013,01/10/2017,141,USERLIST,FT01148
FTPSPEC1,02/15/2013,05/31/2017,0,USERLIST,FT01149
FTPSPEC1,02/15/2013,10/23/2015,586,USERLIST,FT01150T
FTPSPEC1,02/15/2013,10/23/2015,586,USERLIST,FT01154T
FTPSPEC1,02/15/2013,10/13/2016,230,USERLIST,FT01158
FTPSPEC1,02/15/2013,09/17/2016,256,USERLIST,FT01159
FTPSPEC1,02/15/2013,05/31/2017,0,USERLIST,FT01161
FTPSPEC1,02/15/2013,05/31/2017,0,USERLIST,FT01161T
FTPSPEC1,02/15/2013,05/31/2017,0,USERLIST,FT01162
FTPSPEC1,02/15/2013,03/24/2017,68,USERLIST,FT01165T
FTPSPEC1,02/15/2013,05/23/2017,8,USERLIST,FT01168T
FTPSPEC1,02/15/2013,05/27/2017,4,USERLIST,FT01170
FTPSPEC1,02/15/2013,06/26/2014,1070,USERLIST,FT01171T
FTPSPEC1,02/15/2013,04/22/2017,39,USERLIST,FT01175T
FTPSPEC1,02/15/2013,05/31/2017,0,USERLIST,FT01177T
FTPSPEC1,02/15/2013,05/30/2017,1,USERLIST,FT01181
FTPSPEC1,02/15/2013,05/17/2017,14,USERLIST,IOFTP01
FTPSPEC1,02/15/2013,05/31/2017,0,USERLIST,ORDMMVS
FTPSPEC1,02/15/2013,04/09/2015,783,DATASET,*.*.PROCLIB
FTPSPEC1,02/15/2013,05/31/2017,0,DATASET,SYS1.TCP
FTPSPEC1,04/14/2013,,1508,USERLIST,FDSPFTP9
FTPSPEC1,04/14/2013,,1508,USERLIST,FTPJ001
FTPSPEC1,04/14/2013,,1508,USERLIST,FT00015
FTPSPEC1,04/14/2013,05/31/2017,0,USERLIST,FT00020
FTPSPEC1,04/14/2013,,1508,USERLIST,FT00025T
FTPSPEC1,04/14/2013,,1508,USERLIST,FT00026T
FTPSPEC1,04/14/2013,,1508,USERLIST,FT00042
FTPSPEC1,04/14/2013,,1508,USERLIST,FT00045
FTPSPEC1,04/14/2013,,1508,USERLIST,FT00048T
FTPSPEC1,04/14/2013,,1508,USERLIST,FT00049T
FTPSPEC1,04/14/2013,,1508,USERLIST,FT00050
FTPSPEC1,04/14/2013,,1508,USERLIST,FT00050T
FTPSPEC1,04/14/2013,,1508,USERLIST,FT00054
FTPSPEC1,04/14/2013,,1508,USERLIST,FT00061
FTPSPEC1,04/14/2013,,1508,USERLIST,FT00061T
FTPSPEC1,04/14/2013,,1508,USERLIST,FT00064T
FTPSPEC1,04/14/2013,05/30/2017,1,USERLIST,FT00076
FTPSPEC1,04/14/2013,,1508,USERLIST,FT00076T
FTPSPEC1,04/14/2013,,1508,USERLIST,FT00077K
FTPSPEC1,04/14/2013,,1508,USERLIST,FT00089
FTPSPEC1,04/14/2013,,1508,USERLIST,FT00090T
FTPSPEC1,04/14/2013,,1508,USERLIST,FT00096
FTPSPEC1,04/14/2013,05/31/2017,0,USERLIST,FT00102
FTPSPEC1,04/14/2013,,1508,USERLIST,FT00114
FTPSPEC1,04/14/2013,05/31/2017,0,USERLIST,FT00147
FTPSPEC1,04/14/2013,05/30/2017,1,USERLIST,FT00164
FTPSPEC1,04/14/2013,,1508,USERLIST,FT00165
FTPSPEC1,04/14/2013,,1508,USERLIST,FT00182
FTPSPEC1,04/14/2013,,1508,USERLIST,FT00182T
FTPSPEC1,04/14/2013,05/31/2017,0,USERLIST,FT00191
FTPSPEC1,04/14/2013,05/31/2017,0,USERLIST,FT00202
FTPSPEC1,04/14/2013,05/31/2017,0,USERLIST,FT00202T
FTPSPEC1,04/14/2013,,1508,USERLIST,FT00208T
FTPSPEC1,04/14/2013,05/31/2017,0,USERLIST,FT00222
FTPSPEC1,04/14/2013,,1508,USERLIST,FT00223
FTPSPEC1,04/14/2013,05/31/2017,0,USERLIST,FT00228
FTPSPEC1,04/14/2013,,1508,USERLIST,FT00250T
FTPSPEC1,04/14/2013,,1508,USERLIST,FT00300
FTPSPEC1,04/14/2013,,1508,USERLIST,FT00300T
FTPSPEC1,04/14/2013,,1508,USERLIST,FT00301
FTPSPEC1,04/14/2013,,1508,USERLIST,FT00301T
FTPSPEC1,04/14/2013,,1508,USERLIST,FT00302T
FTPSPEC1,04/14/2013,,1508,USERLIST,FT00304
FTPSPEC1,04/14/2013,,1508,USERLIST,FT00304T
FTPSPEC1,04/14/2013,,1508,USERLIST,FT00305T
FTPSPEC1,04/14/2013,05/31/2017,0,USERLIST,FT00306
FTPSPEC1,04/14/2013,,1508,USERLIST,FT00306T
FTPSPEC1,04/14/2013,05/31/2017,0,USERLIST,FT00308
FTPSPEC1,04/14/2013,05/31/2017,0,USERLIST,FT00309
FTPSPEC1,04/14/2013,,1508,USERLIST,FT00500
FTPSPEC1,04/14/2013,05/29/2017,2,USERLIST,FT00500T
FTPSPEC1,04/14/2013,05/31/2017,0,USERLIST,FT00718
FTPSPEC1,04/14/2013,05/30/2017,1,USERLIST,FT00719
FTPSPEC1,04/14/2013,,1508,USERLIST,FT00720T
FTPSPEC1,04/14/2013,,1508,USERLIST,FT00723
FTPSPEC1,04/14/2013,05/31/2017,0,USERLIST,FT00729
FTPSPEC1,04/14/2013,,1508,USERLIST,FT00731T
FTPSPEC1,04/14/2013,,1508,USERLIST,FT00737
FTPSPEC1,04/14/2013,,1508,USERLIST,FT00744
FTPSPEC1,04/14/2013,,1508,USERLIST,FT00749
FTPSPEC1,04/14/2013,,1508,USERLIST,FT00753T
FTPSPEC1,04/14/2013,,1508,USERLIST,FT00754T
FTPSPEC1,04/14/2013,,1508,USERLIST,FT00755T
FTPSPEC1,04/14/2013,,1508,USERLIST,FT00757T
FTPSPEC1,04/14/2013,,1508,USERLIST,FT00764
FTPSPEC1,04/14/2013,05/31/2017,0,USERLIST,FT00777
FTPSPEC1,04/14/2013,,1508,USERLIST,FT00781T
FTPSPEC1,04/14/2013,,1508,USERLIST,FT00787T
FTPSPEC1,04/14/2013,,1508,USERLIST,FT00790
FTPSPEC1,04/14/2013,,1508,USERLIST,FT00793
FTPSPEC1,04/14/2013,,1508,USERLIST,FT00793T
FTPSPEC1,04/14/2013,,1508,USERLIST,FT00794T
FTPSPEC1,04/14/2013,05/31/2017,0,USERLIST,FT00795
FTPSPEC1,04/14/2013,,1508,USERLIST,FT00795T
FTPSPEC1,04/14/2013,,1508,USERLIST,FT00805T
FTPSPEC1,04/14/2013,,1508,USERLIST,FT00810T
FTPSPEC1,04/14/2013,,1508,USERLIST,FT00831T
FTPSPEC1,04/14/2013,,1508,USERLIST,FT00832T
FTPSPEC1,04/14/2013,,1508,USERLIST,FT00836T
FTPSPEC1,04/14/2013,,1508,USERLIST,FT00851T
FTPSPEC1,04/14/2013,,1508,USERLIST,FT00866K
FTPSPEC1,04/14/2013,05/31/2017,0,USERLIST,FT00880
FTPSPEC1,04/14/2013,,1508,USERLIST,FT00880T
FTPSPEC1,04/14/2013,,1508,USERLIST,FT00884
FTPSPEC1,04/14/2013,,1508,USERLIST,FT00884T
FTPSPEC1,04/14/2013,,1508,USERLIST,FT00885T
FTPSPEC1,04/14/2013,,1508,USERLIST,FT00890T
FTPSPEC1,04/14/2013,05/31/2017,0,USERLIST,FT00891
FTPSPEC1,04/14/2013,,1508,USERLIST,FT00895T
FTPSPEC1,04/14/2013,,1508,USERLIST,FT00901T
FTPSPEC1,04/14/2013,,1508,USERLIST,FT00919T
FTPSPEC1,04/14/2013,05/31/2017,0,USERLIST,FT00941T
FTPSPEC1,04/14/2013,05/30/2017,1,USERLIST,FT00973
FTPSPEC1,04/14/2013,,1508,USERLIST,FT00973T
FTPSPEC1,04/14/2013,,1508,USERLIST,FT00975
FTPSPEC1,04/14/2013,,1508,USERLIST,FT00975T
FTPSPEC1,04/14/2013,05/31/2017,0,USERLIST,FT00977
FTPSPEC1,04/14/2013,,1508,USERLIST,FT00977T
FTPSPEC1,04/14/2013,,1508,USERLIST,FT00978
FTPSPEC1,04/14/2013,,1508,USERLIST,FT00978T
FTPSPEC1,04/14/2013,,1508,USERLIST,FT00979
FTPSPEC1,04/14/2013,,1508,USERLIST,FT00979T
FTPSPEC1,04/14/2013,05/31/2017,0,USERLIST,FT01008
FTPSPEC1,04/14/2013,,1508,USERLIST,FT01011T
FTPSPEC1,04/14/2013,05/31/2017,0,USERLIST,FT01021
FTPSPEC1,04/14/2013,,1508,USERLIST,FT01023
FTPSPEC1,04/14/2013,,1508,USERLIST,FT01023T
FTPSPEC1,04/14/2013,05/31/2017,0,USERLIST,FT01025
FTPSPEC1,04/14/2013,,1508,USERLIST,FT01026
FTPSPEC1,04/14/2013,,1508,USERLIST,FT01034T
FTPSPEC1,04/14/2013,,1508,USERLIST,FT01043
FTPSPEC1,04/14/2013,,1508,USERLIST,FT01043T
FTPSPEC1,04/14/2013,05/31/2017,0,USERLIST,FT01045
FTPSPEC1,04/14/2013,05/31/2017,0,USERLIST,FT01048
FTPSPEC1,04/14/2013,,1508,USERLIST,FT01048T
FTPSPEC1,04/14/2013,05/31/2017,0,USERLIST,FT01049
FTPSPEC1,04/14/2013,,1508,USERLIST,FT01049T
FTPSPEC1,04/14/2013,05/30/2017,1,USERLIST,FT01055
FTPSPEC1,04/14/2013,,1508,USERLIST,FT01060
FTPSPEC1,04/14/2013,,1508,USERLIST,FT01065T
FTPSPEC1,04/14/2013,,1508,USERLIST,FT01066
FTPSPEC1,04/14/2013,,1508,USERLIST,FT01066T
FTPSPEC1,04/14/2013,,1508,USERLIST,FT01069K
FTPSPEC1,04/14/2013,,1508,USERLIST,FT01070
FTPSPEC1,04/14/2013,,1508,USERLIST,FT01070T
FTPSPEC1,04/14/2013,,1508,USERLIST,FT01072
FTPSPEC1,04/14/2013,,1508,USERLIST,FT01072T
FTPSPEC1,04/14/2013,,1508,USERLIST,FT01073
FTPSPEC1,04/14/2013,,1508,USERLIST,FT01073T
FTPSPEC1,04/14/2013,05/31/2017,0,USERLIST,FT01074
FTPSPEC1,04/14/2013,,1508,USERLIST,FT01074T
FTPSPEC1,04/14/2013,,1508,USERLIST,FT01087
FTPSPEC1,04/14/2013,05/31/2017,0,USERLIST,FT01107
FTPSPEC1,04/14/2013,,1508,USERLIST,FT01112T
FTPSPEC1,04/14/2013,,1508,USERLIST,FT01114T
FTPSPEC1,04/14/2013,,1508,USERLIST,FT01115T
FTPSPEC1,04/14/2013,,1508,USERLIST,FT01138T
FTPSPEC1,04/14/2013,,1508,USERLIST,FT01145
FTPSPEC1,04/14/2013,,1508,USERLIST,FT01145T
FTPSPEC1,04/14/2013,05/30/2017,1,USERLIST,FT01146
FTPSPEC1,04/14/2013,,1508,USERLIST,FT01152P
FTPSPEC1,04/14/2013,,1508,USERLIST,FT01152T
FTPSPEC1,04/14/2013,,1508,USERLIST,FT01153P
FTPSPEC1,04/14/2013,,1508,USERLIST,FT01153T
FTPSPEC1,04/14/2013,,1508,USERLIST,FT01155
FTPSPEC1,04/14/2013,,1508,USERLIST,FT01155T
FTPSPEC1,04/14/2013,,1508,USERLIST,FT01158K
FTPSPEC1,04/14/2013,,1508,USERLIST,FT01160
FTPSPEC1,04/14/2013,,1508,USERLIST,FT01160T
FTPSPEC1,04/14/2013,,1508,USERLIST,FT01163
FTPSPEC1,04/14/2013,05/31/2017,0,USERLIST,FT01167T
FTPSPEC1,04/14/2013,05/31/2017,0,USERLIST,FT01168
FTPSPEC1,04/14/2013,05/31/2017,0,USERLIST,FT01174
FTPSPEC1,04/14/2013,05/31/2017,0,USERLIST,IOFTP02
FTPSPEC1,04/14/2013,,1508,USERLIST,SFTB115
FTPSPEC1,04/14/2013,,1508,USERLIST,SFTB129
FTPSPEC1,04/14/2013,,1508,USERLIST,SFTB145
FTPSPEC1,04/14/2013,,1508,USERLIST,SFTG001
FTPSPEC1,04/14/2013,,1508,USERLIST,SFTG003
FTPSPEC1,04/14/2013,,1508,USERLIST,SFTG004
FTPSPEC1,04/14/2013,,1508,USERLIST,SFTG005
FTPSPEC1,04/14/2013,,1508,USERLIST,SFTG005T
FTPSPEC1,04/14/2013,,1508,USERLIST,SFTG012
FTPSPEC1,04/14/2013,,1508,USERLIST,SFTG020
FTPSPEC1,04/14/2013,,1508,USERLIST,SFTG020T
FTPSPEC1,04/14/2013,,1508,USERLIST,SFTG021
FTPSPEC1,04/14/2013,,1508,USERLIST,SFTG021T
FTPSPEC1,04/14/2013,,1508,USERLIST,SFTG023
FTPSPEC1,04/14/2013,,1508,USERLIST,SFTG023T
FTPSPEC1,04/14/2013,,1508,USERLIST,SFTG024
FTPSPEC1,04/14/2013,,1508,USERLIST,SFTG025
FTPSPEC1,04/14/2013,,1508,USERLIST,SFTG025T
FTPSPEC1,04/14/2013,,1508,USERLIST,SFTG026
FTPSPEC1,04/14/2013,,1508,USERLIST,SFTG026T
FTPSPEC1,04/14/2013,,1508,USERLIST,SFTJ001
FTPSPEC1,04/14/2013,,1508,USERLIST,SFTK004
FTPSPEC1,04/14/2013,,1508,USERLIST,SFTL002
FTPSPEC1,04/14/2013,,1508,USERLIST,SFTZ030
FTPSPEC1,04/14/2013,,1508,USERLIST,SFTZ031
FTPSPEC1,04/14/2013,,1508,USERLIST,SFT0001T
FTPSPEC1,04/14/2013,,1508,USERLIST,SFT0002
FTPSPEC1,04/14/2013,,1508,USERLIST,SFT0003
FTPSPEC1,04/14/2013,,1508,USERLIST,SFT0004
FTPSPEC1,04/14/2013,,1508,USERLIST,SFT0004T
FTPSPEC1,04/14/2013,,1508,USERLIST,SFT0005
FTPSPEC1,04/14/2013,,1508,USERLIST,SFT0006
FTPSPEC1,04/14/2013,,1508,USERLIST,SFT0007
FTPSPEC1,04/14/2013,,1508,USERLIST,SFT0008
FTPSPEC1,04/14/2013,,1508,USERLIST,SFT0010
FTPSPEC1,04/14/2013,,1508,USERLIST,SFT0011
FTPSPEC1,04/14/2013,,1508,USERLIST,SFT0012
FTPSPEC1,04/14/2013,,1508,USERLIST,SFT0013
FTPSPEC1,04/14/2013,,1508,USERLIST,SFT0014
FTPSPEC1,04/14/2013,,1508,USERLIST,SFT0017
FTPSPEC1,04/14/2013,,1508,USERLIST,SFT0018
FTPSPEC1,04/14/2013,,1508,USERLIST,SFT0019
FTPSPEC1,04/14/2013,,1508,USERLIST,SFT0020
FTPSPEC1,04/14/2013,,1508,USERLIST,SFT0021
FTPSPEC1,04/14/2013,,1508,USERLIST,SFT0022
FTPSPEC1,04/14/2013,,1508,USERLIST,SFT0023
FTPSPEC1,04/14/2013,,1508,USERLIST,SFT0024
FTPSPEC1,04/14/2013,,1508,USERLIST,SFT0025
FTPSPEC1,04/14/2013,,1508,USERLIST,SFT0026
FTPSPEC1,04/14/2013,,1508,USERLIST,SFT0027
FTPSPEC1,04/14/2013,,1508,USERLIST,SFT0029
FTPSPEC1,04/14/2013,,1508,USERLIST,SFT0030
FTPSPEC1,04/14/2013,,1508,USERLIST,SFT0035
FTPSPEC1,04/14/2013,,1508,USERLIST,SFT0037
FTPSPEC1,04/14/2013,,1508,USERLIST,SFT0040
FTPSPEC1,04/14/2013,,1508,USERLIST,SFT0042
FTPSPEC1,04/14/2013,,1508,USERLIST,SFT0044T
FTPSPEC1,04/14/2013,,1508,USERLIST,SFT0045
FTPSPEC1,04/14/2013,,1508,USERLIST,SFT0049
FTPSPEC1,04/14/2013,,1508,USERLIST,SFT0050
FTPSPEC1,04/14/2013,,1508,USERLIST,SFT0051
FTPSPEC1,04/14/2013,,1508,USERLIST,SFT0052
FTPSPEC1,04/14/2013,,1508,USERLIST,SFT0054
FTPSPEC1,04/14/2013,,1508,USERLIST,SFT0055
FTPSPEC1,04/14/2013,,1508,USERLIST,SFT0056
FTPSPEC1,04/14/2013,,1508,USERLIST,SFT0057
FTPSPEC1,04/14/2013,,1508,USERLIST,SFT0060
FTPSPEC1,04/14/2013,,1508,USERLIST,SFT0061
FTPSPEC1,04/14/2013,,1508,USERLIST,SFT0062
FTPSPEC1,04/14/2013,,1508,USERLIST,SFT0063
FTPSPEC1,04/14/2013,,1508,USERLIST,SFT0064
FTPSPEC1,04/14/2013,,1508,USERLIST,SFT0065
FTPSPEC1,04/14/2013,,1508,USERLIST,SFT0067
FTPSPEC1,04/14/2013,,1508,USERLIST,SFT0068
FTPSPEC1,04/14/2013,,1508,USERLIST,SFT0070
FTPSPEC1,04/14/2013,,1508,USERLIST,SFT0071
FTPSPEC1,04/14/2013,,1508,USERLIST,SFT0072
FTPSPEC1,04/14/2013,,1508,USERLIST,SFT0073
FTPSPEC1,04/14/2013,,1508,USERLIST,SFT0073T
FTPSPEC1,04/14/2013,,1508,USERLIST,SFT0074
FTPSPEC1,04/14/2013,,1508,USERLIST,SFT0075
FTPSPEC1,04/14/2013,,1508,USERLIST,SFT0075T
FTPSPEC1,04/14/2013,,1508,USERLIST,SFT0076
FTPSPEC1,04/14/2013,,1508,USERLIST,SFT0076T
FTPSPEC1,04/14/2013,,1508,USERLIST,SFT0078
FTPSPEC1,04/14/2013,,1508,USERLIST,SFT0079
FTPSPEC1,04/14/2013,,1508,USERLIST,SFT0080
FTPSPEC1,04/14/2013,,1508,USERLIST,SFT0082
FTPSPEC1,04/14/2013,,1508,USERLIST,SFT0083
FTPSPEC1,04/14/2013,,1508,USERLIST,SFT0086
FTPSPEC1,04/14/2013,,1508,USERLIST,SFT0088
FTPSPEC1,04/14/2013,,1508,USERLIST,SFT0089
FTPSPEC1,04/14/2013,,1508,USERLIST,SFT0091
FTPSPEC1,04/14/2013,,1508,USERLIST,SFT0092
FTPSPEC1,04/14/2013,,1508,USERLIST,SFT0094
FTPSPEC1,04/14/2013,,1508,USERLIST,SFT0095
FTPSPEC1,04/14/2013,,1508,USERLIST,SFT0097
FTPSPEC1,04/14/2013,,1508,USERLIST,SFT0098
FTPSPEC1,04/14/2013,,1508,USERLIST,SFT0099
FTPSPEC1,04/14/2013,,1508,USERLIST,SFT0100
FTPSPEC1,04/14/2013,,1508,USERLIST,SFT0101
FTPSPEC1,04/14/2013,,1508,USERLIST,SFT0103
FTPSPEC1,04/14/2013,,1508,USERLIST,SFT0104
FTPSPEC1,04/14/2013,,1508,USERLIST,SFT0105
FTPSPEC1,04/14/2013,,1508,USERLIST,SFT0107
FTPSPEC1,04/14/2013,,1508,USERLIST,SFT0109
FTPSPEC1,04/14/2013,,1508,USERLIST,SFT0111
FTPSPEC1,04/14/2013,,1508,USERLIST,SFT0113
FTPSPEC1,04/14/2013,,1508,USERLIST,SFT0115
FTPSPEC1,04/14/2013,,1508,USERLIST,SFT0120
FTPSPEC1,04/14/2013,,1508,USERLIST,SFT0129
FTPSPEC1,04/14/2013,,1508,USERLIST,SFT0130
FTPSPEC1,04/14/2013,,1508,USERLIST,SFT0131
FTPSPEC1,04/14/2013,,1508,USERLIST,SFT5001
FTPSPEC1,04/14/2013,,1508,USERLIST,SFT5001T
FTPSPEC1,04/14/2013,,1508,USERLIST,SFT5002
FTPSPEC1,04/14/2013,,1508,USERLIST,SFT5003
FTPSPEC1,04/14/2013,,1508,USERLIST,SFT5003T
FTPSPEC1,04/14/2013,,1508,USERLIST,SFT5007
FTPSPEC1,04/14/2013,,1508,USERLIST,SFT5007T
FTPSPEC1,04/14/2013,,1508,USERLIST,SFT5008
FTPSPEC1,04/14/2013,,1508,USERLIST,SFT5009
FTPSPEC1,04/14/2013,,1508,USERLIST,SFT5009T
FTPSPEC1,04/14/2013,,1508,USERLIST,SFT5010
FTPSPEC1,04/14/2013,,1508,USERLIST,SFT5010T
FTPSPEC1,04/14/2013,,1508,USERLIST,SFT5011
FTPSPEC1,04/14/2013,,1508,USERLIST,SFT5011T
FTPSPEC1,04/14/2013,,1508,USERLIST,SFT5012
FTPSPEC1,04/14/2013,,1508,USERLIST,SFT5013T
FTPSPEC1,04/14/2013,,1508,USERLIST,SFT5016
FTPSPEC1,04/14/2013,,1508,USERLIST,SFT5018
FTPSPEC1,04/14/2013,,1508,USERLIST,SFT5019
FTPSPEC1,04/14/2013,,1508,USERLIST,SFT5021
FTPSPEC1,04/14/2013,,1508,USERLIST,SFT5021T
FTPSPEC1,04/14/2013,,1508,USERLIST,SFT5022
FTPSPEC1,04/14/2013,,1508,USERLIST,SFT5029
FTPSPEC1,04/14/2013,,1508,USERLIST,SFT5031
FTPSPEC1,04/14/2013,,1508,USERLIST,SFT5034
FTPSPEC1,04/14/2013,,1508,USERLIST,SFT5035
FTPSPEC1,04/14/2013,,1508,USERLIST,SFT5036
FTPSPEC1,04/14/2013,,1508,USERLIST,SFT5039
FTPSPEC1,04/14/2013,,1508,USERLIST,SFT5043
FTPSPEC1,04/14/2013,,1508,USERLIST,SFT5044
FTPSPEC1,04/14/2013,,1508,USERLIST,SFT5044T
FTPSPEC1,04/14/2013,,1508,USERLIST,SFT5045
FTPSPEC1,04/14/2013,,1508,USERLIST,SFT5046
FTPSPEC1,04/14/2013,,1508,USERLIST,SFT5047
FTPSPEC1,04/14/2013,,1508,USERLIST,SFT5048
FTPSPEC1,04/14/2013,,1508,USERLIST,SFT5049
FTPSPEC1,04/14/2013,,1508,USERLIST,SFT5050
FTPSPEC1,04/14/2013,,1508,USERLIST,SFT5052
FTPSPEC1,04/14/2013,,1508,USERLIST,SFT5055
FTPSPEC1,04/14/2013,,1508,USERLIST,SFT5058
FTPSPEC1,04/14/2013,,1508,USERLIST,SFT7001
FTPSPEC1,04/14/2013,,1508,USERLIST,SFT7009T
FTPSPEC1,04/14/2013,,1508,USERLIST,SFT7084
FTPSPEC1,04/14/2013,,1508,USERLIST,SFT7084T
FTPSPEC1,04/14/2013,,1508,USERLIST,SFT8090
FTPSPEC1,04/14/2013,,1508,USERLIST,SFT8147
FTPSPEC1,04/14/2013,,1508,USERLIST,SFT8185
FTPSPEC1,04/14/2013,,1508,USERLIST,SFT8349
FTPSPEC1,04/14/2013,05/31/2017,0,PROGRAM,IBMFTP
FTPSPEC1,04/14/2013,,1508,DATASET,FSP.BISD.FTP
FTPSPEC1,04/14/2013,,1508,DATASET,SYS3.TCP
FTPSPEC1,04/14/2013,,1508,DATASET,UCC7.G*.UCC7LIB
FTPSPEC1,05/03/2013,,1489,USERLIST,FT00014T
FTPSPEC1,06/21/2013,,1440,USERLIST,FT01169
FTPSPEC1,06/21/2013,,1440,USERLIST,FT01169T
FTPSPEC1,10/16/2013,,1323,USERLIST,FT01171
FTPSPEC1,01/23/2015,,859,USERLIST,FT01176
FTPSPEC1,01/23/2015,,859,USERLIST,FT01176T
FTPSPEC1,06/09/2015,,722,FACILITY,FTP
FTPSPEC1,09/29/2015,,610,USERLIST,FT01178
FTPSPEC1,09/30/2015,,609,USERLIST,FT01178T
FTPSPEC1,04/08/2016,,418,USERLIST,FT01095
FTPSPEC1,04/08/2016,,418,USERLIST,FT01095T
