ACID,LOAD_DATE,REF_DATE,DAYS_UNUSED,RSRC_TYPE,RSRC_NAME
F$SDT1,2002-11-27,2016-09-24,198,USERID,"FITE CTLM SAUDIT USAGE MONITOR"
F$SDT1,2002-11-27,2016-09-24,198,PROFILES,SYFCTMBT
F$SDT1,2002-11-27,2014-05-18,1058,PROFILES,SYFIOABT
F$SDT1,2002-11-27,,5248,PROGRAM,COMMAND
F$SDT1,2002-11-27,2014-07-06,1009,DATASET,*.*
F$SDT1,2002-11-27,2014-05-04,1072,DATASET,MAINT.
F$SDT1,2002-11-27,2011-01-02,2290,DATASET,MAINT.TSS.
F$SDT1,2002-11-27,2006-10-08,3837,DATASET,SYS3.TMS.LINKLIB
F$SDT1,2002-11-27,2011-07-03,2108,DATASET,SYS3.TMS.LINKLIB
F$SDT1,2002-11-27,2014-05-04,1072,DATASET,SYS3.TSS.
F$SDT1,2002-11-27,2006-10-08,3837,DATASET,SYS3.TSS.
F$SDT1,2002-11-27,2014-05-04,1072,DATASET,SYS4.SOFTAUDT.USRPDATA
F$SDT1,2002-11-27,2014-05-11,1065,DATASET,TECH.NETRC.LOGIN
F$SDT1,2002-11-27,2014-05-18,1058,DATASET,TECH.PROD.
F$SDT1,2002-11-27,2014-05-18,1058,DATASET,TECH.SOFTAUDT.
F$SDT1,2002-11-27,2014-05-18,1058,DATASET,TECH.TEMP.
F$SDT1,2002-11-27,2009-05-24,2878,DATASET,UCC7.TECHSUPP.UCC7LIB
F$SDT1,2002-11-27,2014-05-18,1058,FACILITY,BATCH
F$SDT1,2004-06-21,,4676,DATASET,SYS3.IOA.LOAD
F$SDT1,2004-06-21,,4676,DATASET,SYS3.NEWD.LOAD
F$SDT1,2006-08-10,,3896,DATASET,MAINT.TSS.
F$SDT1,2006-08-10,,3896,DATASET,SYS2.TSS.
F$SDT1,2006-10-09,,3836,DATASET,SYS2.TSS.
F$SDT1,2012-10-14,,1639,DATASET,*.*
F$SDT1,2013-07-23,,1357,FACILITY,STC
F$SDT1,2015-06-09,,671,FACILITY,OPENMVS
