EVTSYSTOD,SYSID,USERID,JOBNAME,USRFACILITY,USRPROGRAM,SRC_DRC,DESC_DRC,RSRC_TYPE,RSRC_NAME,DUP_CNT,REQ_ACCESS,ALOW_ACCESS,ACTV_CODE,SEC,JOBID,TMNL
"2016-06-03 11:20:17.0",SYST,"A028276 ","CPQWUI  ",CPSMTEST,DFHKETCB,"OK+A   ",,$CICSCCM,CMA.LIS.SVRINFO.REPOSITORY.NONE,3,"READ    ","READ    ",A,,"S213410 ",
"2016-06-03 11:20:17.0",SYST,"A028276 ","CPQWUI  ",CPSMTEST,DFHKETCB,"OK+A   ",,$CICSCCM,CMA.LIS.TFRULE.REPOSITORY.NONE,1,"READ    ","READ    ",A,,"S213410 ",
"2016-06-03 11:20:34.0",SYST,"A028276 ","CPQWUI  ",CPSMTEST,DFHKETCB,*08*-88,"ACCESS DENIED TO RESOURCE < >",$CICSCCM,CMA.DEL.TFRULE.REPOSITORY.NONE,1,"READ    ","NONE    ",V,,"S213410 ",
"2016-06-03 11:20:48.0",SYST,"A028276 ","CPQWUI  ",CPSMTEST,DFHKETCB,"OK+A   ",,$CICSCCM,CMA.INQ.TFRULE.REPOSITORY.NONE,1,"READ    ","READ    ",A,,"S213410 ",
"2016-06-03 11:20:49.0",SYST,"A028276 ","CPQWUI  ",CPSMTEST,DFHKETCB,"OK+A   ",,$CICSCCM,CMA.INQ.TFRULE.REPOSITORY.NONE,2,"READ    ","READ    ",A,,"S213410 ",
"2016-06-03 11:20:52.0",SYST,"A028276 ","CPQWUI  ",CPSMTEST,DFHKETCB,*08*-88,"ACCESS DENIED TO RESOURCE < >",$CICSCCM,CMA.CRE.TFRULE.REPOSITORY.NONE,1,"READ    ","NONE    ",V,,"S213410 ",
"2016-06-03 11:21:31.0",SYST,"A028276 ","CPQWUI  ",CPSMTEST,DFHKETCB,"OK+A   ",,$CICSCCM,CMA.LIS.SVRINFO.REPOSITORY.NONE,3,"READ    ","READ    ",A,,"S213410 ",
"2016-06-03 11:21:32.0",SYST,"A028276 ","CPQWUI  ",CPSMTEST,DFHKETCB,*08*-88,"ACCESS DENIED TO RESOURCE < >",$CICSCCM,CMA.INQ.SYSOPTS.REPOSITORY.NONE,1,"READ    ","NONE    ",V,,"S213410 ",
"2016-06-03 11:22:02.0",SYST,"A028276 ","CPQWUI  ",CPSMTEST,DFHKETCB,"OK+A   ",,$CICSCCM,CMA.LIS.SVRINFO.REPOSITORY.NONE,1,"READ    ","READ    ",A,,"S213410 ",
"2016-06-03 11:22:03.0",SYST,"A028276 ","CPQWUI  ",CPSMTEST,DFHKETCB,"OK+A   ",,$CICSCCM,CMA.LIS.CCONFIG.REPOSITORY.NONE,1,"READ    ","READ    ",A,,"S213410 ",
"2016-06-03 11:22:03.0",SYST,"A028276 ","CPQWUI  ",CPSMTEST,DFHKETCB,"OK+A   ",,$CICSCCM,CMA.LIS.SVRINFO.REPOSITORY.NONE,2,"READ    ","READ    ",A,,"S213410 ",
"2016-06-03 11:22:44.0",SYST,"A028276 ","CPQWUI  ",CPSMTEST,DFHKETCB,"OK+A   ",,$CICSCCM,CMA.LIS.PROGDEF.CCONFIG.FBTTC0,1,"READ    ","READ    ",A,,"S213410 ",
"2016-06-03 11:22:58.0",SYST,"A028276 ","CPQWUI  ",CPSMTEST,DFHKETCB,"OK+A   ",,$CICSCCM,CMO.FBTTC0.@FBSIPPT.PROGDEF.FBCP300,1,"READ    ","ALL     ",A,,"S213410 ",
"2016-06-03 11:22:58.0",SYST,"A028276 ","CPQWUI  ",CPSMTEST,DFHKETCB,"OK+A   ",,$CICSCCM,CMA.INQ.PROGDEF.CCONFIG.FBTTC0,1,"READ    ","READ    ",A,,"S213410 ",
"2016-06-03 11:23:08.0",SYST,"A028276 ","CPQWUI  ",CPSMTEST,DFHKETCB,"OK+A   ",,$CICSCCM,CMA.UPD.PROGDEF.CCONFIG.FBTTC0,1,"READ    ","READ    ",A,,"S213410 ",
"2016-06-03 11:23:08.0",SYST,"A028276 ","CPQWUI  ",CPSMTEST,DFHKETCB,"OK+A   ",,$CICSCCM,CMO.FBTTC0.@FBSIPPT.PROGDEF.FBCP300,1,"UPDATE  ","ALL     ",A,,"S213410 ",
"2016-06-03 11:23:46.0",SYST,"A028276 ","CPQWUI  ",CPSMTEST,DFHKETCB,"OK+A   ",,$CICSCCM,CMA.ALT.PROGDEF.CCONFIG.FBTTC0,1,"READ    ","READ    ",A,,"S213410 ",
"2016-06-03 11:23:46.0",SYST,"A028276 ","CPQWUI  ",CPSMTEST,DFHKETCB,"OK+A   ",,$CICSCCM,CMO.FBTTC0.@FBSIPPT.PROGDEF.FBCP300,1,"UPDATE  ","ALL     ",A,,"S213410 ",
"2016-06-03 11:24:05.0",SYST,"A028276 ","CPQWUI  ",CPSMTEST,DFHKETCB,*08*-88,"ACCESS DENIED TO RESOURCE < >",$CICSCCM,CMA.DEL.PROGDEF.CCONFIG.FBTTC0,1,"READ    ","NONE    ",V,,"S213410 ",
"2016-06-03 11:24:41.0",SYST,"A028276 ","CPQWUI  ",CPSMTEST,DFHKETCB,"OK+A   ",,$CICSCCM,CMO.FBTTC0.@JXRPPT.PROGDEF.FBCP300,1,"ALTER   ","ALL     ",A,,"S213410 ",
"2016-06-03 11:24:41.0",SYST,"A028276 ","CPQWUI  ",CPSMTEST,DFHKETCB,"OK+A   ",,$CICSCCM,CMO.FBTTC0.@FBSIPPT.PROGDEF.FBCP300,1,"READ    ","ALL     ",A,,"S213410 ",
"2016-06-03 11:24:41.0",SYST,"A028276 ","CPQWUI  ",CPSMTEST,DFHKETCB,"OK+A   ",,$CICSCCM,CMO.FBTTC0.@JXRPPT.PROGDEF.FBCP300,1,"READ    ","ALL     ",A,,"S213410 ",
"2016-06-03 11:24:41.0",SYST,"A028276 ","CPQWUI  ",CPSMTEST,DFHKETCB,"OK+A   ",,$CICSCCM,CMA.CPY.PROGDEF.CCONFIG.FBTTC0,1,"READ    ","READ    ",A,,"S213410 ",
"2016-06-03 11:24:41.0",SYST,"A028276 ","CPQWUI  ",CPSMTEST,DFHKETCB,"OK+A   ",,$CICSCCM,CMA.INQ.CCONFIG.REPOSITORY.NONE,1,"READ    ","READ    ",A,,"S213410 ",
"2016-06-03 11:25:06.0",SYST,"A028276 ","CPQWUI  ",CPSMTEST,DFHKETCB,"OK+A   ",,$CICSCCM,CMA.LIS.PROGDEF.CCONFIG.FBTTC0,1,"READ    ","READ    ",A,,"S213410 ",
"2016-06-03 11:25:11.0",SYST,"A028276 ","CPQWUI  ",CPSMTEST,DFHKETCB,"OK+A   ",,$CICSCCM,CMA.LIS.PROGDEF.CCONFIG.FBTTC0,1,"READ    ","READ    ",A,,"S213410 ",
"2016-06-03 11:25:37.0",SYST,"A028276 ","CPQWUI  ",CPSMTEST,DFHKETCB,"OK+A   ",,$CICSCCM,CMA.INQ.CCONFIG.REPOSITORY.NONE,1,"READ    ","READ    ",A,,"S213410 ",
"2016-06-03 11:25:37.0",SYST,"A028276 ","CPQWUI  ",CPSMTEST,DFHKETCB,"OK+A   ",,$CICSCCM,CMA.INQ.PROGDEF.CCONFIG.FBTTC0,1,"READ    ","READ    ",A,,"S213410 ",
"2016-06-03 11:25:38.0",SYST,"A028276 ","CPQWUI  ",CPSMTEST,DFHKETCB,"OK+A   ",,$CICSCCM,CMO.FBTTC0.@FBSIPPT.PROGDEF.FBCP300,2,"READ    ","ALL     ",A,,"S213410 ",
"2016-06-03 11:25:38.0",SYST,"A028276 ","CPQWUI  ",CPSMTEST,DFHKETCB,"OK+A   ",,$CICSCCM,CMA.INQ.PROGDEF.CCONFIG.FBTTC0,2,"READ    ","READ    ",A,,"S213410 ",
"2016-06-03 11:25:51.0",SYST,"A028276 ","CPQWUI  ",CPSMTEST,DFHKETCB,"OK+A   ",,$CICSCCM,CMO.FBTTC0.@FBSIPPT.PROGDEF.FBXXXXXX,1,"ALTER   ","ALL     ",A,,"S213410 ",
"2016-06-03 11:25:51.0",SYST,"A028276 ","CPQWUI  ",CPSMTEST,DFHKETCB,"OK+A   ",,$CICSCCM,CMA.CRE.PROGDEF.CCONFIG.FBTTC0,1,"READ    ","READ    ",A,,"S213410 ",
"2016-06-03 11:26:12.0",SYST,"A028276 ","CPQWUI  ",CPSMTEST,DFHKETCB,"OK+A   ",,$CICSCCM,CMA.LIS.PROGDEF.CCONFIG.FBTTC0,1,"READ    ","READ    ",A,,"S213410 ",
"2016-06-03 11:26:40.0",SYST,"A028276 ","CPQWUI  ",CPSMTEST,DFHKETCB,"OK+A   ",,$CICSCCM,CMA.INQ.CCONFIG.REPOSITORY.NONE,1,"READ    ","READ    ",A,,"S213410 ",
"2016-06-03 11:26:40.0",SYST,"A028276 ","CPQWUI  ",CPSMTEST,DFHKETCB,"OK+A   ",,$CICSCCM,CMA.LIS.SVRINFO.REPOSITORY.NONE,1,"READ    ","READ    ",A,,"S213410 ",
"2016-06-03 11:27:30.0",SYST,"A028276 ","CPQWUI  ",CPSMTEST,DFHKETCB,"OK+A   ",,$CICSCCM,CMO.FBTTC0.@FBSIPPT.PROGDEF.FBCP300,1,"READ    ","ALL     ",A,,"S213410 ",
"2016-06-03 11:27:30.0",SYST,"A028276 ","CPQWUI  ",CPSMTEST,DFHKETCB,"OK+A   ",,$CICSCCM,CMA.INQ.PROGDEF.CCONFIG.FBTTC0,1,"READ    ","READ    ",A,,"S213410 ",
"2016-06-03 11:27:31.0",SYST,"A028276 ","CPQWUI  ",CPSMTEST,DFHKETCB,"OK+A   ",,$CICSCCM,CMO.FBTTC0.@FSECPPT.PROGDEF.FBCP300,1,"READ    ","ALL     ",A,,"S213410 ",
"2016-06-03 11:27:31.0",SYST,"A028276 ","CPQWUI  ",CPSMTEST,DFHKETCB,"OK+A   ",,$CICSCCM,CMA.INQ.PROGDEF.CCONFIG.FBTTC0,1,"READ    ","READ    ",A,,"S213410 ",
"2016-06-03 11:27:53.0",SYST,"A028276 ","CPQWUI  ",CPSMTEST,DFHKETCB,"OK+A   ",,$CICSCCM,CMO.FBTTC0.@FBSIPPT.PROGDEF.FBCP300,1,"ALTER   ","ALL     ",A,,"S213410 ",
"2016-06-03 11:27:53.0",SYST,"A028276 ","CPQWUI  ",CPSMTEST,DFHKETCB,"OK+A   ",,$CICSCCM,CMO.FBTTC0.@FBSIPPT.PROGDEF.FBCP300X,1,"ALTER   ","ALL     ",A,,"S213410 ",
"2016-06-03 11:27:53.0",SYST,"A028276 ","CPQWUI  ",CPSMTEST,DFHKETCB,"OK+A   ",,$CICSCCM,CMA.REN.PROGDEF.CCONFIG.FBTTC0,1,"READ    ","READ    ",A,,"S213410 ",
"2016-06-03 11:28:27.0",SYST,"A028276 ","CPQWUI  ",CPSMTEST,DFHKETCB,"OK+A   ",,$CICSCCM,CMA.INQ.CCONFIG.REPOSITORY.NONE,1,"READ    ","READ    ",A,,"S213410 ",
"2016-06-03 11:28:27.0",SYST,"A028276 ","CPQWUI  ",CPSMTEST,DFHKETCB,"OK+A   ",,$CICSCCM,CMA.LIS.SVRINFO.REPOSITORY.NONE,1,"READ    ","READ    ",A,,"S213410 ",
"2016-06-03 11:28:41.0",SYST,"A028276 ","CPQWUI  ",CPSMTEST,DFHKETCB,"OK+A   ",,$CICSCCM,CMO.FBTTC0.@FSECPPT.PROGDEF.FBCP300,1,"READ    ","ALL     ",A,,"S213410 ",
"2016-06-03 11:28:41.0",SYST,"A028276 ","CPQWUI  ",CPSMTEST,DFHKETCB,"OK+A   ",,$CICSCCM,CMA.INQ.PROGDEF.CCONFIG.FBTTC0,1,"READ    ","READ    ",A,,"S213410 ",
"2016-06-03 11:28:41.0",SYST,"A028276 ","CPQWUI  ",CPSMTEST,DFHKETCB,"OK+A   ",,$CICSCCM,CMA.LIS.BAIMAGE.JOURNAL.NONE,1,"READ    ","READ    ",A,,"S213410 ",
"2016-06-03 11:28:51.0",SYST,"A028276 ","CPQWUI  ",CPSMTEST,DFHKETCB,"OK+A   ",,$CICSCCM,CMO.FBTTC0.@FSECPPT.PROGDEF.FBCP300,2,"READ    ","ALL     ",A,,"S213410 ",
"2016-06-03 11:28:51.0",SYST,"A028276 ","CPQWUI  ",CPSMTEST,DFHKETCB,"OK+A   ",,$CICSCCM,CMA.INQ.PROGDEF.CCONFIG.FBTTC0,2,"READ    ","READ    ",A,,"S213410 ",
"2016-06-03 11:28:57.0",SYST,"A028276 ","CPQWUI  ",CPSMTEST,DFHKETCB,"OK+A   ",,$CICSCCM,CMO.FBTTC0.@FSECPPT.PROGDEF.FBCP300,1,"READ    ","ALL     ",A,,"S213410 ",
"2016-06-03 11:28:57.0",SYST,"A028276 ","CPQWUI  ",CPSMTEST,DFHKETCB,"OK+A   ",,$CICSCCM,CMA.INQ.PROGDEF.CCONFIG.FBTTC0,1,"READ    ","READ    ",A,,"S213410 ",
"2016-06-03 11:28:57.0",SYST,"A028276 ","CPQWUI  ",CPSMTEST,DFHKETCB,"OK+A   ",,$CICSCCM,CMA.LIS.BAIMAGE.JOURNAL.NONE,1,"READ    ","READ    ",A,,"S213410 ",
"2016-06-03 11:28:57.0",SYST,"A028276 ","CPQWUI  ",CPSMTEST,DFHKETCB,"OK+A   ",,$CICSCCM,CMA.UPD.PROGDEF.CCONFIG.FBTTC0,1,"READ    ","READ    ",A,,"S213410 ",
"2016-06-03 11:28:57.0",SYST,"A028276 ","CPQWUI  ",CPSMTEST,DFHKETCB,"OK+A   ",,$CICSCCM,CMO.FBTTC0.@FSECPPT.PROGDEF.FBCP300,1,"UPDATE  ","ALL     ",A,,"S213410 ",
"2016-06-03 11:29:50.0",SYST,"A028276 ","CPQWUI  ",CPSMTEST,DFHKETCB,"OK+A   ",,$CICSCCM,CMA.LIS.PROGDEF.CCONFIG.FBTBC0,1,"READ    ","READ    ",A,,"S213410 ",
"2016-06-03 11:29:55.0",SYST,"A028276 ","CPQWUI  ",CPSMTEST,DFHKETCB,"OK+A   ",,$CICSCCM,CMO.FBTBC0.@FBSPPT.PROGDEF.FBCP300,1,"READ    ","ALL     ",A,,"S213410 ",
"2016-06-03 11:29:55.0",SYST,"A028276 ","CPQWUI  ",CPSMTEST,DFHKETCB,"OK+A   ",,$CICSCCM,CMA.INQ.PROGDEF.CCONFIG.FBTBC0,1,"READ    ","READ    ",A,,"S213410 ",
"2016-06-03 11:30:04.0",SYST,"A028276 ","CPQWUI  ",CPSMTEST,DFHKETCB,"OK+A   ",,$CICSCCM,CMA.UPD.PROGDEF.CCONFIG.FBTBC0,1,"READ    ","READ    ",A,,"S213410 ",
"2016-06-03 11:30:04.0",SYST,"A028276 ","CPQWUI  ",CPSMTEST,DFHKETCB,"OK+A   ",,$CICSCCM,CMO.FBTBC0.@FBSPPT.PROGDEF.FBCP300,1,"UPDATE  ","ALL     ",A,,"S213410 ",
"2016-06-03 11:30:22.0",SYST,"A028276 ","CPQWUI  ",CPSMTEST,DFHKETCB,"OK+A   ",,$CICSCCM,CMO.FBTBC0.@FBSPPT.PROGDEF.FBCP300,2,"READ    ","ALL     ",A,,"S213410 ",
"2016-06-03 11:30:22.0",SYST,"A028276 ","CPQWUI  ",CPSMTEST,DFHKETCB,"OK+A   ",,$CICSCCM,CMA.INQ.CCONFIG.REPOSITORY.NONE,1,"READ    ","READ    ",A,,"S213410 ",
"2016-06-03 11:30:22.0",SYST,"A028276 ","CPQWUI  ",CPSMTEST,DFHKETCB,"OK+A   ",,$CICSCCM,CMA.INQ.PROGDEF.CCONFIG.FBTBC0,2,"READ    ","READ    ",A,,"S213410 ",
"2016-06-03 11:30:22.0",SYST,"A028276 ","CPQWUI  ",CPSMTEST,DFHKETCB,"OK+A   ",,$CICSCCM,CMA.INQ.PROGDEF.CCONFIG.FBTTC0,1,"READ    ","READ    ",A,,"S213410 ",
"2016-06-03 11:30:29.0",SYST,"A028276 ","CPQWUI  ",CPSMTEST,DFHKETCB,"OK+A   ",,$CICSCCM,CMO.FBTTC0.@FBSPPT.PROGDEF.FBCP300X,1,"ALTER   ","ALL     ",A,,"S213410 ",
"2016-06-03 11:30:29.0",SYST,"A028276 ","CPQWUI  ",CPSMTEST,DFHKETCB,"OK+A   ",,$CICSCCM,CMA.CRE.PROGDEF.CCONFIG.FBTTC0,1,"READ    ","READ    ",A,,"S213410 ",
"2016-06-03 11:30:38.0",SYST,"A028276 ","CPQWUI  ",CPSMTEST,DFHKETCB,"OK+A   ",,$CICSCCM,CMA.LIS.PROGDEF.CCONFIG.FBTBC0,1,"READ    ","READ    ",A,,"S213410 ",
"2016-06-03 11:31:04.0",SYST,"A028276 ","CPQWUI  ",CPSMTEST,DFHKETCB,"OK+A   ",,$CICSCCM,CMA.LIS.PROGDEF.CCONFIG.FBTBC0,1,"READ    ","READ    ",A,,"S213410 ",
"2016-06-03 11:31:12.0",SYST,"A028276 ","CPQWUI  ",CPSMTEST,DFHKETCB,"OK+A   ",,$CICSCCM,CMA.LIS.PROGDEF.CCONFIG.FBTBC0,1,"READ    ","READ    ",A,,"S213410 ",
"2016-06-03 11:31:25.0",SYST,"A028276 ","CPQWUI  ",CPSMTEST,DFHKETCB,"OK+A   ",,$CICSCCM,CMA.INQ.CCONFIG.REPOSITORY.NONE,1,"READ    ","READ    ",A,,"S213410 ",
"2016-06-03 11:31:26.0",SYST,"A028276 ","CPQWUI  ",CPSMTEST,DFHKETCB,"OK+A   ",,$CICSCCM,CMO.FBTBC0.@FBSPPT.PROGDEF.FBCP300,1,"READ    ","ALL     ",A,,"S213410 ",
"2016-06-03 11:31:26.0",SYST,"A028276 ","CPQWUI  ",CPSMTEST,DFHKETCB,"OK+A   ",,$CICSCCM,CMO.FBTBC0.@JXRPPT.PROGDEF.FBCP300,1,"READ    ","ALL     ",A,,"S213410 ",
"2016-06-03 11:31:54.0",SYST,"A028276 ","CPQWUI  ",CPSMTEST,DFHKETCB,"OK+A   ",,$CICSCCM,CMO.FBTBC0.@FBSPPT.PROGDEF.FBCP300,2,"READ    ","ALL     ",A,,"S213410 ",
"2016-06-03 11:31:54.0",SYST,"A028276 ","CPQWUI  ",CPSMTEST,DFHKETCB,"OK+A   ",,$CICSCCM,CMA.INQ.CCONFIG.REPOSITORY.NONE,1,"READ    ","READ    ",A,,"S213410 ",
"2016-06-03 11:31:54.0",SYST,"A028276 ","CPQWUI  ",CPSMTEST,DFHKETCB,"OK+A   ",,$CICSCCM,CMA.INQ.PROGDEF.CCONFIG.FBTBC0,3,"READ    ","READ    ",A,,"S213410 ",
"2016-06-03 11:32:02.0",SYST,"A028276 ","CPQWUI  ",CPSMTEST,DFHKETCB,"OK+A   ",,$CICSCCM,CMO.FBTBC0.@FBSPPT.PROGDEF.FBCP300X,1,"ALTER   ","ALL     ",A,,"S213410 ",
"2016-06-03 11:32:02.0",SYST,"A028276 ","CPQWUI  ",CPSMTEST,DFHKETCB,"OK+A   ",,$CICSCCM,CMA.CRE.PROGDEF.CCONFIG.FBTBC0,1,"READ    ","READ    ",A,,"S213410 ",
"2016-06-03 11:32:10.0",SYST,"A028276 ","CPQWUI  ",CPSMTEST,DFHKETCB,"OK+A   ",,$CICSCCM,CMA.LIS.PROGDEF.CCONFIG.FBTBC0,1,"READ    ","READ    ",A,,"S213410 ",
"2016-06-03 11:32:38.0",SYST,"A028276 ","CPQWUI  ",CPSMTEST,DFHKETCB,"OK+A   ",,$CICSCCM,CMA.REN.PROGDEF.CCONFIG.FBTBC0,1,"READ    ","READ    ",A,,"S213410 ",
"2016-06-03 11:32:39.0",SYST,"A028276 ","CPQWUI  ",CPSMTEST,DFHKETCB,"OK+A   ",,$CICSCCM,CMO.FBTBC0.@FBSIPPT.PROGDEF.FBCP300V,1,"ALTER   ","ALL     ",A,,"S213410 ",
"2016-06-03 11:32:39.0",SYST,"A028276 ","CPQWUI  ",CPSMTEST,DFHKETCB,"OK+A   ",,$CICSCCM,CMO.FBTBC0.@FBSPPT.PROGDEF.FBCP300X,1,"ALTER   ","ALL     ",A,,"S213410 ",
"2016-06-03 11:32:43.0",SYST,"A028276 ","CPQWUI  ",CPSMTEST,DFHKETCB,"OK+A   ",,$CICSCCM,CMA.LIS.PROGDEF.CCONFIG.FBTBC0,1,"READ    ","READ    ",A,,"S213410 ",
"2016-06-03 11:32:55.0",SYST,"A028276 ","CPQWUI  ",CPSMTEST,DFHKETCB,*08*-88,"ACCESS DENIED TO RESOURCE < >",$CICSCCM,CMA.DEL.PROGDEF.CCONFIG.FBTBC0,1,"READ    ","NONE    ",V,,"S213410 ",
"2016-06-03 11:33:16.0",SYST,"A028276 ","CPQWUI  ",CPSMTEST,DFHKETCB,"OK+A   ",,$CICSCCM,CMA.LIS.CCONFIG.REPOSITORY.NONE,1,"READ    ","READ    ",A,,"S213410 ",
"2016-06-03 11:33:24.0",SYST,"A028276 ","CPQWUI  ",CPSMTEST,DFHKETCB,"OK+A   ",,$CICSCCM,CMA.LIS.PROGDEF.CCONFIG.K1TCC0,1,"READ    ","READ    ",A,,"S213410 ",
"2016-06-03 11:33:27.0",SYST,"A028276 ","CPQWUI  ",CPSMTEST,DFHKETCB,"OK+A   ",,$CICSCCM,CMO.K1TCC0.@FBSPPT.PROGDEF.FBCP300,1,"READ    ","ALL     ",A,,"S213410 ",
"2016-06-03 11:33:27.0",SYST,"A028276 ","CPQWUI  ",CPSMTEST,DFHKETCB,"OK+A   ",,$CICSCCM,CMA.INQ.PROGDEF.CCONFIG.K1TCC0,1,"READ    ","READ    ",A,,"S213410 ",
"2016-06-03 11:33:32.0",SYST,"A028276 ","CPQWUI  ",CPSMTEST,DFHKETCB,*08*-88,"ACCESS DENIED TO RESOURCE < >",$CICSCCM,CMA.UPD.PROGDEF.CCONFIG.K1TCC0,1,"READ    ","NONE    ",V,,"S213410 ",
"2016-06-03 11:36:02.0",SYST,"A028276 ","CPQWUI  ",CPSMTEST,DFHKETCB,*08*-88,"ACCESS DENIED TO RESOURCE < >",$CICSCCM,CMA.DEL.PROGDEF.CCONFIG.K1TCC0,1,"READ    ","NONE    ",V,,"S213410 ",
"2016-06-03 11:36:13.0",SYST,"A028276 ","CPQWUI  ",CPSMTEST,DFHKETCB,"OK+A   ",,$CICSCCM,CMA.LIS.CCONFIG.REPOSITORY.NONE,1,"READ    ","READ    ",A,,"S213410 ",
"2016-06-03 11:37:05.0",SYST,"A028276 ","CPQWUI  ",CPSMTEST,DFHKETCB,"OK+A   ",,$CICSCCM,CMA.LIS.PROGDEF.CCONFIG.FBTAC0,1,"READ    ","READ    ",A,,"S213410 ",
"2016-06-03 11:37:16.0",SYST,"A028276 ","CPQWUI  ",CPSMTEST,DFHKETCB,"OK+A   ",,$CICSCCM,CMO.FBTAC0.@FBSPPT.PROGDEF.FBCP301,1,"READ    ","ALL     ",A,,"S213410 ",
"2016-06-03 11:37:16.0",SYST,"A028276 ","CPQWUI  ",CPSMTEST,DFHKETCB,"OK+A   ",,$CICSCCM,CMA.INQ.PROGDEF.CCONFIG.FBTAC0,1,"READ    ","READ    ",A,,"S213410 ",
"2016-06-03 11:37:25.0",SYST,"A028276 ","CPQWUI  ",CPSMTEST,DFHKETCB,"OK+A   ",,$CICSCCM,CMO.FBTAC0.@FBSPPT.PROGDEF.FBCP301,1,"READ    ","ALL     ",A,,"S213410 ",
"2016-06-03 11:37:25.0",SYST,"A028276 ","CPQWUI  ",CPSMTEST,DFHKETCB,"OK+A   ",,$CICSCCM,CMA.INQ.PROGDEF.CCONFIG.FBTAC0,1,"READ    ","READ    ",A,,"S213410 ",
"2016-06-03 11:37:33.0",SYST,"A028276 ","CPQWUI  ",CPSMTEST,DFHKETCB,*08*-88,"ACCESS DENIED TO RESOURCE < >",$CICSCCM,CMA.UPD.PROGDEF.CCONFIG.FBTAC0,1,"READ    ","NONE    ",V,,"S213410 ",
"2016-06-03 11:38:33.0",SYST,"A028276 ","CPQWUI  ",CPSMTEST,DFHKETCB,"OK+A   ",,$CICSCCM,CMA.LIS.PROGDEF.CCONFIG.FBTXC0,1,"READ    ","READ    ",A,,"S213410 ",
"2016-06-03 11:38:40.0",SYST,"A028276 ","CPQWUI  ",CPSMTEST,DFHKETCB,"OK+A   ",,$CICSCCM,CMO.FBTXC0.@FBSPPT.PROGDEF.FBCP300,1,"READ    ","ALL     ",A,,"S213410 ",
"2016-06-03 11:38:40.0",SYST,"A028276 ","CPQWUI  ",CPSMTEST,DFHKETCB,"OK+A   ",,$CICSCCM,CMA.INQ.PROGDEF.CCONFIG.FBTXC0,1,"READ    ","READ    ",A,,"S213410 ",
"2016-06-03 11:38:48.0",SYST,"A028276 ","CPQWUI  ",CPSMTEST,DFHKETCB,"OK+A   ",,$CICSCCM,CMA.UPD.PROGDEF.CCONFIG.FBTXC0,1,"READ    ","READ    ",A,,"S213410 ",
"2016-06-03 11:38:48.0",SYST,"A028276 ","CPQWUI  ",CPSMTEST,DFHKETCB,"OK+A   ",,$CICSCCM,CMO.FBTXC0.@FBSPPT.PROGDEF.FBCP300,1,"UPDATE  ","ALL     ",A,,"S213410 ",
"2016-06-03 11:39:10.0",SYST,"A028276 ","CPQWUI  ",CPSMTEST,DFHKETCB,"OK+A   ",,$CICSCCM,CMA.INQ.CCONFIG.REPOSITORY.NONE,1,"READ    ","READ    ",A,,"S213410 ",
"2016-06-03 11:39:11.0",SYST,"A028276 ","CPQWUI  ",CPSMTEST,DFHKETCB,"OK+A   ",,$CICSCCM,CMO.FBTXC0.@FBSPPT.PROGDEF.FBCP300,1,"READ    ","ALL     ",A,,"S213410 ",
"2016-06-03 11:39:11.0",SYST,"A028276 ","CPQWUI  ",CPSMTEST,DFHKETCB,"OK+A   ",,$CICSCCM,CMO.FBTXC0.@JXRPPT.PROGDEF.FBCP300,1,"READ    ","ALL     ",A,,"S213410 ",
"2016-06-03 11:39:28.0",SYST,"A028276 ","CPQWUI  ",CPSMTEST,DFHKETCB,"OK+A   ",,$CICSCCM,CMA.INQ.CCONFIG.REPOSITORY.NONE,1,"READ    ","READ    ",A,,"S213410 ",
"2016-06-03 11:39:28.0",SYST,"A028276 ","CPQWUI  ",CPSMTEST,DFHKETCB,"OK+A   ",,$CICSCCM,CMA.INQ.PROGDEF.CCONFIG.FBTBC0,1,"READ    ","READ    ",A,,"S213410 ",
"2016-06-03 11:39:29.0",SYST,"A028276 ","CPQWUI  ",CPSMTEST,DFHKETCB,"OK+A   ",,$CICSCCM,CMO.FBTXC0.@FBSPPT.PROGDEF.FBCP300,2,"READ    ","ALL     ",A,,"S213410 ",
"2016-06-03 11:39:29.0",SYST,"A028276 ","CPQWUI  ",CPSMTEST,DFHKETCB,"OK+A   ",,$CICSCCM,CMA.INQ.PROGDEF.CCONFIG.FBTXC0,2,"READ    ","READ    ",A,,"S213410 ",
"2016-06-03 11:39:36.0",SYST,"A028276 ","CPQWUI  ",CPSMTEST,DFHKETCB,"OK+A   ",,$CICSCCM,CMO.FBTBC0.@FBSPPT.PROGDEF.FBCP300X,1,"ALTER   ","ALL     ",A,,"S213410 ",
"2016-06-03 11:39:36.0",SYST,"A028276 ","CPQWUI  ",CPSMTEST,DFHKETCB,"OK+A   ",,$CICSCCM,CMA.CRE.PROGDEF.CCONFIG.FBTBC0,1,"READ    ","READ    ",A,,"S213410 ",
"2016-06-03 11:39:45.0",SYST,"A028276 ","CPQWUI  ",CPSMTEST,DFHKETCB,"OK+A   ",,$CICSCCM,CMA.LIS.PROGDEF.CCONFIG.FBTXC0,1,"READ    ","READ    ",A,,"S213410 ",
"2016-06-03 11:40:08.0",SYST,"A028276 ","CPQWUI  ",CPSMTEST,DFHKETCB,"OK+A   ",,$CICSCCM,CMO.FBTXC0.@FBSPPT.PROGDEF.FBCP300,2,"READ    ","ALL     ",A,,"S213410 ",
"2016-06-03 11:40:08.0",SYST,"A028276 ","CPQWUI  ",CPSMTEST,DFHKETCB,"OK+A   ",,$CICSCCM,CMA.INQ.CCONFIG.REPOSITORY.NONE,1,"READ    ","READ    ",A,,"S213410 ",
"2016-06-03 11:40:08.0",SYST,"A028276 ","CPQWUI  ",CPSMTEST,DFHKETCB,"OK+A   ",,$CICSCCM,CMA.INQ.PROGDEF.CCONFIG.FBTXC0,3,"READ    ","READ    ",A,,"S213410 ",
"2016-06-03 11:40:11.0",SYST,"A028276 ","CPQWUI  ",CPSMTEST,DFHKETCB,"OK+A   ",,$CICSCCM,CMO.FBTXC0.@FBSPPT.PROGDEF.FBCP300X,1,"ALTER   ","ALL     ",A,,"S213410 ",
"2016-06-03 11:40:11.0",SYST,"A028276 ","CPQWUI  ",CPSMTEST,DFHKETCB,"OK+A   ",,$CICSCCM,CMA.CRE.PROGDEF.CCONFIG.FBTXC0,1,"READ    ","READ    ",A,,"S213410 ",
"2016-06-03 11:40:24.0",SYST,"A028276 ","CPQWUI  ",CPSMTEST,DFHKETCB,*08*-88,"ACCESS DENIED TO RESOURCE < >",$CICSCCM,CMA.DEL.PROGDEF.CCONFIG.FBTXC0,1,"READ    ","NONE    ",V,,"S213410 ",
