EVTSYSTOD,SYSID,USERID,JOBNAME,USRFACILITY,USRPROGRAM,SRC_DRC,DESC_DRC,RSRC_TYPE,RSRC_NAME,DUP_CNT,REQ_ACCESS,ALOW_ACCESS,ACTV_CODE,SEC,JOBID,TMNL
"2016-06-02 15:00:03.0",SYST,"A028276 ","A028276 ","TSO     ","IKJEFLC ",*08*-09,"PASSWORD IS INCORRECT",,"NAME=RODRIGUES, JOSEPH",1,,,V,INI,,N510DJE2
"2016-06-02 15:10:16.0",SYST,"A028276 ","CPQWUI  ",CPSMTEST,DFHKETCB,"OK+A   ",,$CICSCCM,CMA.LIS.SVRINFO.REPOSITORY.NONE,3,"READ    ","READ    ",A,,"S208025 ",
"2016-06-02 15:10:26.0",SYST,"A028276 ","CPQWUI  ",CPSMTEST,DFHKETCB,"OK+A   ",,$CICSCCM,CMA.LIS.SVRINFO.REPOSITORY.NONE,2,"READ    ","READ    ",A,,"S208025 ",
"2016-06-02 15:10:27.0",SYST,"A028276 ","CPQWUI  ",CPSMTEST,DFHKETCB,"OK+A   ",,$CICSCCM,CMA.LIS.SVRINFO.REPOSITORY.NONE,1,"READ    ","READ    ",A,,"S208025 ",
"2016-06-02 15:19:23.0",SYST,"A028276 ","CPQWUI  ",CPSMTEST,DFHKETCB,"OK+A   ",,$CICSCCM,CMA.LIS.SVRINFO.REPOSITORY.NONE,3,"READ    ","READ    ",A,,"S208025 ",
"2016-06-02 15:19:23.0",SYST,"A028276 ","CPQWUI  ",CPSMTEST,DFHKETCB,*08*-88,"ACCESS DENIED TO RESOURCE < >",$CICSCCM,CMA.INQ.SYSOPTS.REPOSITORY.NONE,1,"READ    ","NONE    ",V,,"S208025 ",
"2016-06-02 15:20:18.0",SYST,"A028276 ","CPQWUI  ",CPSMTEST,DFHKETCB,"OK+A   ",,$CICSCCM,CMA.LIS.CCONFIG.REPOSITORY.NONE,1,"READ    ","READ    ",A,,"S208025 ",
"2016-06-02 15:20:18.0",SYST,"A028276 ","CPQWUI  ",CPSMTEST,DFHKETCB,"OK+A   ",,$CICSCCM,CMA.LIS.SVRINFO.REPOSITORY.NONE,3,"READ    ","READ    ",A,,"S208025 ",
"2016-06-02 15:21:29.0",SYST,"A028276 ","CPQWUI  ",CPSMTEST,DFHKETCB,"OK+A   ",,$CICSCCM,CMA.LIS.CCONFIG.REPOSITORY.NONE,1,"READ    ","READ    ",A,,"S208025 ",
"2016-06-02 15:21:41.0",SYST,"A028276 ","CPQWUI  ",CPSMTEST,DFHKETCB,"OK+A   ",,$CICSCCM,CMA.INQ.CCONFIG.REPOSITORY.NONE,1,"READ    ","READ    ",A,,"S208025 ",
"2016-06-02 15:21:54.0",SYST,"A028276 ","CPQWUI  ",CPSMTEST,DFHKETCB,"OK+A   ",,$CICSCCM,CMA.INQ.CCONFIG.REPOSITORY.NONE,1,"READ    ","READ    ",A,,"S208025 ",
"2016-06-02 15:22:06.0",SYST,"A028276 ","CPQWUI  ",CPSMTEST,DFHKETCB,*08*-88,"ACCESS DENIED TO RESOURCE < >",$CICSCCM,CMA.UPD.CCONFIG.REPOSITORY.NONE,1,"READ    ","NONE    ",V,,"S208025 ",
"2016-06-02 15:22:28.0",SYST,"A028276 ","CPQWUI  ",CPSMTEST,DFHKETCB,*08*-88,"ACCESS DENIED TO RESOURCE < >",$CICSCCM,CMA.DEL.CCONFIG.REPOSITORY.NONE,1,"READ    ","NONE    ",V,,"S208025 ",
"2016-06-02 15:22:50.0",SYST,"A028276 ","CPQWUI  ",CPSMTEST,DFHKETCB,"OK+A   ",,$CICSCCM,CMA.INQ.CCONFIG.REPOSITORY.NONE,3,"READ    ","READ    ",A,,"S208025 ",
"2016-06-02 15:22:54.0",SYST,"A028276 ","CPQWUI  ",CPSMTEST,DFHKETCB,*08*-88,"ACCESS DENIED TO RESOURCE < >",$CICSCCM,CMA.CRE.CCONFIG.REPOSITORY.NONE,1,"READ    ","NONE    ",V,,"S208025 ",
"2016-06-02 15:23:13.0",SYST,"A028276 ","CPQWUI  ",CPSMTEST,DFHKETCB,"OK+A   ",,$CICSCCM,CMA.LIS.SVRINFO.REPOSITORY.NONE,3,"READ    ","READ    ",A,,"S208025 ",
"2016-06-02 15:23:14.0",SYST,"A028276 ","CPQWUI  ",CPSMTEST,DFHKETCB,"OK+A   ",,$CICSCCM,CMA.LIS.SCHEME.REPOSITORY.NONE,1,"READ    ","READ    ",A,,"S208025 ",
"2016-06-02 15:23:18.0",SYST,"A028276 ","CPQWUI  ",CPSMTEST,DFHKETCB,"OK+A   ",,$CICSCCM,CMA.LIS.SCHEME.REPOSITORY.NONE,1,"READ    ","READ    ",A,,"S208025 ",
"2016-06-02 15:23:25.0",SYST,"A028276 ","CPQWUI  ",CPSMTEST,DFHKETCB,"OK+A   ",,$CICSCCM,CMA.LIS.SCHEME.REPOSITORY.NONE,1,"READ    ","READ    ",A,,"S208025 ",
"2016-06-02 15:23:34.0",SYST,"A028276 ","CPQWUI  ",CPSMTEST,DFHKETCB,"OK+A   ",,$CICSCCM,CMA.INQ.SCHEME.REPOSITORY.NONE,1,"READ    ","READ    ",A,,"S208025 ",
"2016-06-02 15:23:44.0",SYST,"A028276 ","CPQWUI  ",CPSMTEST,DFHKETCB,"OK+A   ",,$CICSCCM,CMA.INQ.SCHEME.REPOSITORY.NONE,1,"READ    ","READ    ",A,,"S208025 ",
"2016-06-02 15:23:50.0",SYST,"A028276 ","CPQWUI  ",CPSMTEST,DFHKETCB,*08*-88,"ACCESS DENIED TO RESOURCE < >",$CICSCCM,CMA.UPD.SCHEME.REPOSITORY.NONE,1,"READ    ","NONE    ",V,,"S208025 ",
"2016-06-02 15:24:19.0",SYST,"A028276 ","CPQWUI  ",CPSMTEST,DFHKETCB,*08*-88,"ACCESS DENIED TO RESOURCE < >",$CICSCCM,CMA.DEL.SCHEME.REPOSITORY.NONE,1,"READ    ","NONE    ",V,,"S208025 ",
"2016-06-02 15:24:34.0",SYST,"A028276 ","CPQWUI  ",CPSMTEST,DFHKETCB,"OK+A   ",,$CICSCCM,CMA.INQ.SCHEME.REPOSITORY.NONE,3,"READ    ","READ    ",A,,"S208025 ",
"2016-06-02 15:24:35.0",SYST,"A028276 ","CPQWUI  ",CPSMTEST,DFHKETCB,*08*-88,"ACCESS DENIED TO RESOURCE < >",$CICSCCM,CMA.CRE.SCHEME.REPOSITORY.NONE,1,"READ    ","NONE    ",V,,"S208025 ",
"2016-06-02 15:25:36.0",SYST,"A028276 ","CPQWUI  ",CPSMTEST,DFHKETCB,"OK+A   ",,$CICSCCM,CMA.LIS.APROFILE.REPOSITORY.NONE,1,"READ    ","READ    ",A,,"S208025 ",
"2016-06-02 15:25:36.0",SYST,"A028276 ","CPQWUI  ",CPSMTEST,DFHKETCB,"OK+A   ",,$CICSCCM,CMA.LIS.SVRINFO.REPOSITORY.NONE,3,"READ    ","READ    ",A,,"S208025 ",
"2016-06-02 15:25:50.0",SYST,"A028276 ","CPQWUI  ",CPSMTEST,DFHKETCB,"OK+A   ",,$CICSCCM,CMA.INQ.APROFILE.REPOSITORY.NONE,1,"READ    ","READ    ",A,,"S208025 ",
"2016-06-02 15:25:59.0",SYST,"A028276 ","CPQWUI  ",CPSMTEST,DFHKETCB,"OK+A   ",,$CICSCCM,CMA.INQ.APROFILE.REPOSITORY.NONE,1,"READ    ","READ    ",A,,"S208025 ",
"2016-06-02 15:26:05.0",SYST,"A028276 ","CPQWUI  ",CPSMTEST,DFHKETCB,*08*-88,"ACCESS DENIED TO RESOURCE < >",$CICSCCM,CMA.UPD.APROFILE.REPOSITORY.NONE,1,"READ    ","NONE    ",V,,"S208025 ",
"2016-06-02 15:26:17.0",SYST,"A028276 ","CPQWUI  ",CPSMTEST,DFHKETCB,*08*-88,"ACCESS DENIED TO RESOURCE < >",$CICSCCM,CMA.DEL.APROFILE.REPOSITORY.NONE,1,"READ    ","NONE    ",V,,"S208025 ",
"2016-06-02 15:26:26.0",SYST,"A028276 ","CPQWUI  ",CPSMTEST,DFHKETCB,"OK+A   ",,$CICSCCM,CMA.INQ.APROFILE.REPOSITORY.NONE,3,"READ    ","READ    ",A,,"S208025 ",
"2016-06-02 15:26:28.0",SYST,"A028276 ","CPQWUI  ",CPSMTEST,DFHKETCB,*08*-88,"ACCESS DENIED TO RESOURCE < >",$CICSCCM,CMA.CRE.APROFILE.REPOSITORY.NONE,1,"READ    ","NONE    ",V,,"S208025 ",
"2016-06-02 15:26:43.0",SYST,"A028276 ","CPQWUI  ",CPSMTEST,DFHKETCB,"OK+A   ",,$CICSCCM,CMA.LIS.SVRINFO.REPOSITORY.NONE,3,"READ    ","READ    ",A,,"S208025 ",
"2016-06-02 15:26:44.0",SYST,"A028276 ","CPQWUI  ",CPSMTEST,DFHKETCB,"OK+A   ",,$CICSCCM,CMA.LIS.TFRULE.REPOSITORY.NONE,1,"READ    ","READ    ",A,,"S208025 ",
"2016-06-02 15:26:47.0",SYST,"A028276 ","CPQWUI  ",CPSMTEST,DFHKETCB,"OK+A   ",,$CICSCCM,CMA.LIS.TFRULE.REPOSITORY.NONE,1,"READ    ","READ    ",A,,"S208025 ",
"2016-06-02 15:26:56.0",SYST,"A028276 ","CPQWUI  ",CPSMTEST,DFHKETCB,"OK+A   ",,$CICSCCM,CMA.INQ.TFRULE.REPOSITORY.NONE,1,"READ    ","READ    ",A,,"S208025 ",
"2016-06-02 15:27:12.0",SYST,"A028276 ","CPQWUI  ",CPSMTEST,DFHKETCB,"OK+A   ",,$CICSCCM,CMA.INQ.TFRULE.REPOSITORY.NONE,1,"READ    ","READ    ",A,,"S208025 ",
"2016-06-02 15:27:33.0",SYST,"A028276 ","CPQWUI  ",CPSMTEST,DFHKETCB,"OK-98  ",,$CICSCCM,CMA.UPD.TFRULE.REPOSITORY.NONE,1,"READ    ",,A,,"S208025 ",
"2016-06-02 15:27:33.0",SYST,"A028276 ","CPQWUI  ",CPSMTEST,DFHKETCB,*08*-88,"ACCESS DENIED TO RESOURCE < >",$CICSCCM,CMA.UPD.TFRULE.REPOSITORY.NONE,1,"READ    ","NONE    ",V,,"S208025 ",
"2016-06-02 15:27:34.0",SYST,"A028276 ","CPQWUI  ",CPSMTEST,CCVSWASH,*08*-98,"SESSION LOCKED - EXCESSIVE VIOLATIONS: SIGNOFF",,CCVC,2,,,V,,"S208025 ",
"2016-06-02 15:27:48.0",SYST,"A028276 ","CPQWUI  ",CPSMTEST,"DFHWBA  ",*08*-98,"SESSION LOCKED - EXCESSIVE VIOLATIONS: SIGNOFF",,CWBA,42,,,V,,"S208025 ",
"2016-06-02 15:28:38.0",SYST,"A028276 ","CPQWUI  ",CPSMTEST,"DFHWBA  ",*08*-98,"SESSION LOCKED - EXCESSIVE VIOLATIONS: SIGNOFF",,CWBA,38,,,V,,"S208025 ",
"2016-06-02 15:28:39.0",SYST,"A028276 ","CPQWUI  ",CPSMTEST,"DFHWBA  ",*08*-98,"SESSION LOCKED - EXCESSIVE VIOLATIONS: SIGNOFF",,CWBA,4,,,V,,"S208025 ",
"2016-06-02 15:29:49.0",SYST,"A028276 ","CPQWUI  ",CPSMTEST,"DFHWBA  ",*08*-98,"SESSION LOCKED - EXCESSIVE VIOLATIONS: SIGNOFF",,CWBA,42,,,V,,"S208025 ",
"2016-06-02 15:30:03.0",SYST,"A028276 ","CPQWUI  ",CPSMTEST,"DFHWBA  ",*08*-98,"SESSION LOCKED - EXCESSIVE VIOLATIONS: SIGNOFF",,CWBA,24,,,V,,"S208025 ",
"2016-06-02 15:30:04.0",SYST,"A028276 ","CPQWUI  ",CPSMTEST,"DFHWBA  ",*08*-98,"SESSION LOCKED - EXCESSIVE VIOLATIONS: SIGNOFF",,CWBA,22,,,V,,"S208025 ",
"2016-06-02 15:31:18.0",SYST,"A028276 ","CPQWUI  ",CPSMTEST,"DFHWBA  ",*08*-98,"SESSION LOCKED - EXCESSIVE VIOLATIONS: SIGNOFF",,CWBA,22,,,V,,"S208025 ",
"2016-06-02 15:31:19.0",SYST,"A028276 ","CPQWUI  ",CPSMTEST,"DFHWBA  ",*08*-98,"SESSION LOCKED - EXCESSIVE VIOLATIONS: SIGNOFF",,CWBA,24,,,V,,"S208025 ",
"2016-06-02 15:32:47.0",SYST,"A028276 ","CPQWUI  ",CPSMTEST,"DFHWBA  ",*08*-98,"SESSION LOCKED - EXCESSIVE VIOLATIONS: SIGNOFF",,CWBA,29,,,V,,"S208025 ",
"2016-06-02 15:32:48.0",SYST,"A028276 ","CPQWUI  ",CPSMTEST,"DFHWBA  ",*08*-98,"SESSION LOCKED - EXCESSIVE VIOLATIONS: SIGNOFF",,CWBA,6,,,V,,"S208025 ",
