ACID,LOAD_DATE,REF_DATE,DAYS_UNUSED,RSRC_TYPE,RSRC_NAME
CMGRLDAP,2011-03-01,2015-03-27,745,USERID,"CMGR LDAP SERVER STC"
CMGRLDAP,2011-03-01,2012-06-23,1752,PROFILES,NB2K#BPR
CMGRLDAP,2011-03-01,2015-01-22,809,PROFILES,NB2K#DPR
CMGRLDAP,2011-03-01,2012-07-15,1730,PROFILES,PB2K#BPR
CMGRLDAP,2011-03-01,2015-03-01,771,PROFILES,PB2K#DPR
CMGRLDAP,2011-03-01,2015-03-01,771,IBMFAC,BPX.DAEMON
CMGRLDAP,2011-03-01,,2232,IBMFAC,BPX.FILE
CMGRLDAP,2011-03-01,,2232,IBMFAC,BPX.SERVER
CMGRLDAP,2011-03-01,2013-06-02,1408,CSFSERV,CSFIQA
CMGRLDAP,2011-03-01,2015-03-01,771,DATASET,SYSDB2.DB2.
CMGRLDAP,2011-03-01,2015-01-22,809,DATASET,SYSDB2.NB2K.SYSLOAD
CMGRLDAP,2011-03-01,2015-03-01,771,DATASET,SYSDB2.PB2K.SYSLOAD
CMGRLDAP,2011-03-01,2015-03-01,771,DATASET,SYS1.TCPIP.
CMGRLDAP,2011-03-01,,2232,DATASET,SYS3.TCPIP.
CMGRLDAP,2011-03-01,2012-01-18,1909,DATASET,SYS4.CMGR.
CMGRLDAP,2011-03-01,2015-02-19,781,DATASET,SYS4.CMGR.CPU+.MAPDB.JRN
CMGRLDAP,2011-03-01,2015-01-29,802,DATASET,SYS4.CMGR.C00+.MAPDB.JRN
CMGRLDAP,2011-03-01,2015-03-01,771,DATASET,SYS4.CMGR.MAPDB
CMGRLDAP,2011-03-01,2015-02-12,788,DATASET,SYS4.CMGR.R00+.MAPDB.JRN
CMGRLDAP,2011-03-01,2015-01-21,810,DATASET,SYS4.CMGR.SYS+.MAPDB.JRN
CMGRLDAP,2011-03-01,2015-01-29,802,DATASET,SYS4.CMGR.V00+.MAPDB.JRN
CMGRLDAP,2011-03-01,2012-08-09,1705,DATASET,TECH.TEMP
CMGRLDAP,2011-03-01,,2232,SURROGAT,BPX.SRV.
CMGRLDAP,2011-10-04,,2015,DATASET,SYS3.CMGR.
CMGRLDAP,2015-06-09,,671,FACILITY,STC
CMGRLDAP,2015-06-09,,671,FACILITY,UNICNTR
