ACID,LOAD_DATE,REF_DATE,DAYS_UNUSED,RSRC_TYPE,RSRC_NAME
P$SDT1,2002-11-27,2016-09-24,198,USERID,"CONTROL-M SAUDIT USAGE MONITOR"
P$SDT1,2002-11-27,2014-06-08,1037,PROFILES,SY#IOABT
P$SDT1,2002-11-27,2016-09-24,198,PROFILES,SYPCTMBT
P$SDT1,2002-11-27,2014-07-06,1009,PROFILES,SYPIOABT
P$SDT1,2002-11-27,2005-04-03,4390,PROFILES,SYZIOABT
P$SDT1,2002-11-27,2010-04-08,2559,PROGRAM,COMMAND
P$SDT1,2002-11-27,2014-06-08,1037,DATASET,*.*
P$SDT1,2002-11-27,2014-07-06,1009,DATASET,MAINT.
P$SDT1,2002-11-27,2014-06-08,1037,DATASET,MAINT.TSS.
P$SDT1,2002-11-27,2014-05-04,1072,DATASET,MIC.
P$SDT1,2002-11-27,2003-01-06,5208,DATASET,RAR.CCMATRIX.SEC.USERID.
P$SDT1,2002-11-27,2014-05-04,1072,DATASET,SYS2.TSS.
P$SDT1,2002-11-27,2014-05-04,1072,DATASET,SYS3.TMS.LINKLIB
P$SDT1,2002-11-27,2006-08-21,3885,DATASET,SYS3.TMS.LINKLIB
P$SDT1,2002-11-27,2014-06-08,1037,DATASET,SYS3.TSS.
P$SDT1,2002-11-27,2006-08-21,3885,DATASET,SYS3.TSS.
P$SDT1,2002-11-27,2014-06-08,1037,DATASET,SYS4.SOFTAUDT.USRPDATA
P$SDT1,2002-11-27,2014-06-08,1037,DATASET,TECH.NETRC.LOGIN
P$SDT1,2002-11-27,2014-07-06,1009,DATASET,TECH.PROD.
P$SDT1,2002-11-27,2014-07-06,1009,DATASET,TECH.SOFTAUDT.
P$SDT1,2002-11-27,2014-07-06,1009,DATASET,TECH.TEMP.
P$SDT1,2002-11-27,2009-07-05,2836,DATASET,UCC7.TECHSUPP.UCC7LIB
P$SDT1,2002-11-27,2014-07-06,1009,FACILITY,BATCH
P$SDT1,2006-08-10,,3896,DATASET,MAINT.TSS.
P$SDT1,2006-08-10,,3896,DATASET,SYS2.TSS.
P$SDT1,2012-10-14,,1639,DATASET,*.*
P$SDT1,2012-10-14,,1639,DATASET,FST.DBTH+++.CLASS.MACROS
P$SDT1,2013-07-23,,1357,FACILITY,STC
P$SDT1,2015-06-09,,671,FACILITY,OPENMVS
